<?xml version="1.0" encoding="UTF-8"?>
<alto xmlns:xsi="http://www.w3.org/2001/XMLSchema-instance" xsi:noNamespaceSchemaLocation="http://www.bl.uk/schemas/alto/alto-1-4.xsd" xmlns:xlink="http://www.w3.org/1999/xlink">
	<Description>
		<MeasurementUnit>mm10</MeasurementUnit>
		<sourceImageInformation>
			<fileName>//head1/IN/2008-21/A0011599490/002643.jp2</fileName>
		</sourceImageInformation>
		<OCRProcessing ID="OCRPROCESSING_1">
			<preProcessingStep>
				<processingSoftware>
					<softwareCreator>CCS Content Conversion Specialists GmbH, Germany</softwareCreator>
					<softwareName>CCS docWORKS</softwareName>
					<softwareVersion>6.1-0.67</softwareVersion>
				</processingSoftware>
			</preProcessingStep>
			<ocrProcessingStep>
				<processingSoftware>
					<softwareCreator>ABBYY (BIT Software), Russia</softwareCreator>
					<softwareName>Finereader</softwareName>
				</processingSoftware>
			</ocrProcessingStep>
		</OCRProcessing>
	</Description>
	<Styles>
		<TextStyle ID="TXT_0" FONTSIZE="9" FONTFAMILY="Courier New"/>
		<TextStyle ID="TXT_1" FONTSIZE="11" FONTFAMILY="Courier New"/>
		<TextStyle ID="TXT_2" FONTSIZE="10" FONTFAMILY="Courier New"/>
		<ParagraphStyle ID="PAR_LEFT" ALIGN="Left"/>
		<ParagraphStyle ID="PAR_RIGHT" ALIGN="Right"/>
		<ParagraphStyle ID="PAR_CENTER" ALIGN="Center"/>
	</Styles>
	<Layout>
		<Page ID="P85" PHYSICAL_IMG_NR="85" HEIGHT="1685" WIDTH="1100" PRINTED_IMG_NR="65" POSITION="Right" ACCURACY="74.28">
			<TopMargin ID="P85_TM00001" HPOS="0" VPOS="0" WIDTH="1099" HEIGHT="103">
				<TextBlock ID="P85_TB00001" HPOS="425" VPOS="79" WIDTH="179" HEIGHT="20" STYLEREFS="TXT_0 PAR_LEFT">
					<TextLine ID="P85_TL00001" HPOS="425" VPOS="80" WIDTH="179" HEIGHT="19">
						<String ID="P85_ST00001" HPOS="425" VPOS="80" WIDTH="53" HEIGHT="19" CONTENT="THE" WC="0.68" CC="071"/>
						<SP ID="P85_SP00001" HPOS="478" VPOS="99" WIDTH="19"/>
						<String ID="P85_ST00002" HPOS="497" VPOS="84" WIDTH="107" HEIGHT="15" CONTENT="TUDORS." WC="0.72" CC="0060660"/>
					</TextLine>
				</TextBlock>
				<TextBlock ID="P85_TB00002" HPOS="916" VPOS="77" WIDTH="32" HEIGHT="24" STYLEREFS="TXT_1 PAR_RIGHT">
					<TextLine ID="P85_TL00002" HPOS="916" VPOS="77" WIDTH="32" HEIGHT="24">
						<String ID="P85_ST00003" HPOS="916" VPOS="77" WIDTH="32" HEIGHT="24" CONTENT="65" WC="1.00" CC="00"/>
					</TextLine>
				</TextBlock>
			</TopMargin>
			<LeftMargin ID="P85_LM00001" HPOS="0" VPOS="103" WIDTH="74" HEIGHT="1465"/>
			<RightMargin ID="P85_RM00001" HPOS="949" VPOS="103" WIDTH="150" HEIGHT="1465"/>
			<BottomMargin ID="P85_BM00001" HPOS="0" VPOS="1568" WIDTH="1099" HEIGHT="116"/>
			<PrintSpace ID="P85_PS00001" HPOS="74" VPOS="103" WIDTH="875" HEIGHT="1465">
				<TextBlock ID="P85_TB00003" HPOS="114" VPOS="138" WIDTH="538" HEIGHT="35" STYLEREFS="TXT_0 PAR_LEFT">
					<TextLine ID="P85_TL00003" HPOS="114" VPOS="139" WIDTH="538" HEIGHT="34">
						<String ID="P85_ST00004" HPOS="114" VPOS="139" WIDTH="55" HEIGHT="24" CONTENT="But" WC="0.37" CC="674"/>
						<SP ID="P85_SP00002" HPOS="169" VPOS="163" WIDTH="13"/>
						<String ID="P85_ST00005" HPOS="182" VPOS="150" WIDTH="37" HEIGHT="15" CONTENT="we" WC="0.78" CC="04"/>
						<SP ID="P85_SP00003" HPOS="219" VPOS="165" WIDTH="14"/>
						<String ID="P85_ST00006" HPOS="233" VPOS="150" WIDTH="59" HEIGHT="23" CONTENT="nmy" WC="0.11" CC="699"/>
						<SP ID="P85_SP00004" HPOS="292" VPOS="173" WIDTH="14"/>
						<String ID="P85_ST00007" HPOS="306" VPOS="141" WIDTH="31" HEIGHT="25" CONTENT="be" WC="0.68" CC="60"/>
						<SP ID="P85_SP00005" HPOS="337" VPOS="173" WIDTH="12"/>
						<String ID="P85_ST00008" HPOS="349" VPOS="143" WIDTH="72" HEIGHT="30" CONTENT="quite" WC="0.79" CC="00360"/>
						<SP ID="P85_SP00006" HPOS="421" VPOS="173" WIDTH="13"/>
						<String ID="P85_ST00009" HPOS="434" VPOS="151" WIDTH="58" HEIGHT="16" CONTENT="sure" WC="0.64" CC="6330"/>
						<SP ID="P85_SP00007" HPOS="492" VPOS="173" WIDTH="14"/>
						<String ID="P85_ST00010" HPOS="506" VPOS="143" WIDTH="59" HEIGHT="24" CONTENT="that" WC="0.92" CC="3000"/>
						<SP ID="P85_SP00008" HPOS="565" VPOS="173" WIDTH="14"/>
						<String ID="P85_ST00011" HPOS="579" VPOS="143" WIDTH="73" HEIGHT="24" CONTENT="when" WC="0.42" CC="9705"/>
					</TextLine>
				</TextBlock>
				<TextBlock ID="P85_TB00004" HPOS="79" VPOS="184" WIDTH="869" HEIGHT="29" STYLEREFS="TXT_0 PAR_CENTER">
					<TextLine ID="P85_TL00004" HPOS="80" VPOS="184" WIDTH="868" HEIGHT="29">
						<String ID="P85_ST00012" HPOS="80" VPOS="184" WIDTH="145" HEIGHT="22" CONTENT='"Eastward' WC="0.37" CC="429744768"/>
						<SP ID="P85_SP00009" HPOS="225" VPOS="206" WIDTH="24"/>
						<String ID="P85_ST00013" HPOS="249" VPOS="187" WIDTH="100" HEIGHT="26" CONTENT="straight" WC="0.44" CC="63760865"/>
						<SP ID="P85_SP00010" HPOS="349" VPOS="213" WIDTH="23"/>
						<String ID="P85_ST00014" HPOS="372" VPOS="188" WIDTH="58" HEIGHT="20" CONTENT="from" WC="0.83" CC="0410"/>
						<SP ID="P85_SP00011" HPOS="430" VPOS="213" WIDTH="22"/>
						<String ID="P85_ST00015" HPOS="452" VPOS="188" WIDTH="55" HEIGHT="20" CONTENT="wild" WC="0.40" CC="9409"/>
						<SP ID="P85_SP00012" HPOS="507" VPOS="213" WIDTH="22"/>
						<String ID="P85_ST00016" HPOS="529" VPOS="188" WIDTH="143" HEIGHT="20" CONTENT="Blackheath" WC="0.33" CC="5497970596"/>
						<SP ID="P85_SP00013" HPOS="672" VPOS="213" WIDTH="20"/>
						<String ID="P85_ST00017" HPOS="692" VPOS="188" WIDTH="39" HEIGHT="20" CONTENT="the" WC="0.80" CC="500"/>
						<SP ID="P85_SP00014" HPOS="731" VPOS="213" WIDTH="22"/>
						<String ID="P85_ST00018" HPOS="753" VPOS="189" WIDTH="94" HEIGHT="20" CONTENT="warlike" WC="0.55" CC="9046080"/>
						<SP ID="P85_SP00015" HPOS="847" VPOS="213" WIDTH="20"/>
						<String ID="P85_ST00019" HPOS="867" VPOS="189" WIDTH="81" HEIGHT="21" CONTENT="errand" WC="0.68" CC="044019"/>
					</TextLine>
				</TextBlock>
				<TextBlock ID="P85_TB00005" HPOS="190" VPOS="222" WIDTH="69" HEIGHT="21" STYLEREFS="TXT_0 PAR_LEFT">
					<TextLine ID="P85_TL00005" HPOS="192" VPOS="222" WIDTH="67" HEIGHT="21">
						<String ID="P85_ST00020" HPOS="192" VPOS="222" WIDTH="67" HEIGHT="21" CONTENT="went," WC="0.35" CC="94890"/>
					</TextLine>
				</TextBlock>
				<TextBlock ID="P85_TB00006" HPOS="76" VPOS="252" WIDTH="872" HEIGHT="145" STYLEREFS="TXT_0 PAR_LEFT">
					<TextLine ID="P85_TL00006" HPOS="106" VPOS="252" WIDTH="842" HEIGHT="30">
						<String ID="P85_ST00021" HPOS="106" VPOS="252" WIDTH="53" HEIGHT="20" CONTENT="And" WC="0.12" CC="888"/>
						<SP ID="P85_SP00016" HPOS="159" VPOS="272" WIDTH="11"/>
						<String ID="P85_ST00022" HPOS="170" VPOS="254" WIDTH="83" HEIGHT="19" CONTENT="roused" WC="0.65" CC="607600"/>
						<SP ID="P85_SP00017" HPOS="253" VPOS="273" WIDTH="11"/>
						<String ID="P85_ST00023" HPOS="264" VPOS="254" WIDTH="23" HEIGHT="20" CONTENT="in" WC="0.56" CC="35"/>
						<SP ID="P85_SP00018" HPOS="287" VPOS="274" WIDTH="10"/>
						<String ID="P85_ST00024" HPOS="297" VPOS="261" WIDTH="69" HEIGHT="21" CONTENT="many" WC="0.40" CC="9067"/>
						<SP ID="P85_SP00019" HPOS="366" VPOS="282" WIDTH="11"/>
						<String ID="P85_ST00025" HPOS="377" VPOS="261" WIDTH="29" HEIGHT="14" CONTENT="an" WC="0.55" CC="80"/>
						<SP ID="P85_SP00020" HPOS="406" VPOS="282" WIDTH="8"/>
						<String ID="P85_ST00026" HPOS="414" VPOS="256" WIDTH="91" HEIGHT="19" CONTENT="ancient" WC="0.72" CC="2205009"/>
						<SP ID="P85_SP00021" HPOS="505" VPOS="282" WIDTH="11"/>
						<String ID="P85_ST00027" HPOS="516" VPOS="255" WIDTH="47" HEIGHT="20" CONTENT="hall" WC="0.63" CC="7700"/>
						<SP ID="P85_SP00022" HPOS="563" VPOS="282" WIDTH="10"/>
						<String ID="P85_ST00028" HPOS="573" VPOS="255" WIDTH="40" HEIGHT="20" CONTENT="the" WC="0.67" CC="090"/>
						<SP ID="P85_SP00023" HPOS="613" VPOS="282" WIDTH="10"/>
						<String ID="P85_ST00029" HPOS="623" VPOS="255" WIDTH="88" HEIGHT="27" CONTENT="gallant" WC="0.48" CC="4970850"/>
						<SP ID="P85_SP00024" HPOS="711" VPOS="282" WIDTH="9"/>
						<String ID="P85_ST00030" HPOS="720" VPOS="256" WIDTH="87" HEIGHT="26" CONTENT="squires" WC="0.37" CC="6786536"/>
						<SP ID="P85_SP00025" HPOS="807" VPOS="282" WIDTH="11"/>
						<String ID="P85_ST00031" HPOS="818" VPOS="256" WIDTH="23" HEIGHT="20" CONTENT="of" WC="1.00" CC="00"/>
						<SP ID="P85_SP00026" HPOS="841" VPOS="282" WIDTH="11"/>
						<String ID="P85_ST00032" HPOS="852" VPOS="256" WIDTH="63" HEIGHT="21" CONTENT="Kent" WC="0.99" CC="0000"/>
						<String ID="P85_ST00033" HPOS="924" VPOS="265" WIDTH="6" HEIGHT="16" CONTENT=";" WC="0.74" CC="2"/>
						<String ID="P85_ST00034" HPOS="937" VPOS="256" WIDTH="11" HEIGHT="11" CONTENT='"' WC="1.00" CC="0"/>
					</TextLine>
					<TextLine ID="P85_TL00007" HPOS="77" VPOS="291" WIDTH="871" HEIGHT="36">
						<String ID="P85_ST00035" HPOS="77" VPOS="300" WIDTH="15" HEIGHT="14" CONTENT="a" WC="1.00" CC="0"/>
						<SP ID="P85_SP00027" HPOS="92" VPOS="314" WIDTH="25"/>
						<String ID="P85_ST00036" HPOS="117" VPOS="291" WIDTH="79" HEIGHT="33" CONTENT="ready" WC="0.83" CC="00070"/>
						<SP ID="P85_SP00028" HPOS="196" VPOS="324" WIDTH="21"/>
						<String ID="P85_ST00037" HPOS="217" VPOS="293" WIDTH="74" HEIGHT="32" CONTENT="reply" WC="0.91" CC="30010"/>
						<SP ID="P85_SP00029" HPOS="291" VPOS="325" WIDTH="27"/>
						<String ID="P85_ST00038" HPOS="318" VPOS="302" WIDTH="50" HEIGHT="15" CONTENT="was" WC="0.77" CC="006"/>
						<SP ID="P85_SP00030" HPOS="368" VPOS="325" WIDTH="23"/>
						<String ID="P85_ST00039" HPOS="391" VPOS="294" WIDTH="74" HEIGHT="24" CONTENT="made" WC="1.00" CC="0000"/>
						<SP ID="P85_SP00031" HPOS="465" VPOS="325" WIDTH="21"/>
						<String ID="P85_ST00040" HPOS="486" VPOS="294" WIDTH="36" HEIGHT="33" CONTENT="by" WC="0.65" CC="70"/>
						<SP ID="P85_SP00032" HPOS="522" VPOS="327" WIDTH="19"/>
						<String ID="P85_ST00041" HPOS="541" VPOS="302" WIDTH="48" HEIGHT="16" CONTENT="our" WC="0.83" CC="012"/>
						<SP ID="P85_SP00033" HPOS="589" VPOS="327" WIDTH="20"/>
						<String ID="P85_ST00042" HPOS="609" VPOS="297" WIDTH="97" HEIGHT="29" CONTENT="county" WC="0.69" CC="012750"/>
						<SP ID="P85_SP00034" HPOS="706" VPOS="327" WIDTH="21"/>
						<String ID="P85_ST00043" HPOS="727" VPOS="303" WIDTH="66" HEIGHT="20" CONTENT="men," WC="0.96" CC="0010"/>
						<SP ID="P85_SP00035" HPOS="793" VPOS="327" WIDTH="14"/>
						<String ID="P85_ST00044" HPOS="807" VPOS="294" WIDTH="58" HEIGHT="24" CONTENT="who" WC="0.32" CC="954"/>
						<SP ID="P85_SP00036" HPOS="865" VPOS="327" WIDTH="17"/>
						<String ID="P85_ST00045" HPOS="882" VPOS="304" WIDTH="66" HEIGHT="15" CONTENT="were" WC="0.69" CC="0650"/>
					</TextLine>
					<TextLine ID="P85_TL00008" HPOS="79" VPOS="331" WIDTH="869" HEIGHT="35">
						<String ID="P85_ST00046" HPOS="79" VPOS="331" WIDTH="83" HEIGHT="24" CONTENT="under" WC="0.91" CC="04000"/>
						<SP ID="P85_SP00037" HPOS="162" VPOS="355" WIDTH="13"/>
						<String ID="P85_ST00047" HPOS="175" VPOS="333" WIDTH="45" HEIGHT="24" CONTENT="the" WC="0.63" CC="460"/>
						<SP ID="P85_SP00038" HPOS="220" VPOS="357" WIDTH="20"/>
						<String ID="P85_ST00048" HPOS="240" VPOS="334" WIDTH="136" HEIGHT="24" CONTENT="command" WC="0.59" CC="0090980"/>
						<SP ID="P85_SP00039" HPOS="376" VPOS="358" WIDTH="11"/>
						<String ID="P85_ST00049" HPOS="387" VPOS="334" WIDTH="27" HEIGHT="24" CONTENT="of" WC="1.00" CC="00"/>
						<SP ID="P85_SP00040" HPOS="414" VPOS="358" WIDTH="21"/>
						<String ID="P85_ST00050" HPOS="435" VPOS="334" WIDTH="41" HEIGHT="24" CONTENT="Sir" WC="0.66" CC="702"/>
						<SP ID="P85_SP00041" HPOS="476" VPOS="358" WIDTH="19"/>
						<String ID="P85_ST00051" HPOS="495" VPOS="334" WIDTH="110" HEIGHT="25" CONTENT="Thomas" WC="0.73" CC="015503"/>
						<SP ID="P85_SP00042" HPOS="605" VPOS="359" WIDTH="14"/>
						<String ID="P85_ST00052" HPOS="619" VPOS="334" WIDTH="81" HEIGHT="31" CONTENT="Scott," WC="0.76" CC="702030"/>
						<SP ID="P85_SP00043" HPOS="700" VPOS="365" WIDTH="16"/>
						<String ID="P85_ST00053" HPOS="716" VPOS="335" WIDTH="26" HEIGHT="24" CONTENT="of" WC="0.71" CC="50"/>
						<SP ID="P85_SP00044" HPOS="742" VPOS="365" WIDTH="20"/>
						<String ID="P85_ST00054" HPOS="762" VPOS="334" WIDTH="94" HEIGHT="25" CONTENT="Scott's" WC="0.76" CC="6002600"/>
						<SP ID="P85_SP00045" HPOS="856" VPOS="365" WIDTH="20"/>
						<String ID="P85_ST00055" HPOS="876" VPOS="335" WIDTH="72" HEIGHT="31" CONTENT="Hall," WC="0.57" CC="64630"/>
					</TextLine>
					<TextLine ID="P85_TL00009" HPOS="78" VPOS="373" WIDTH="196" HEIGHT="24">
						<String ID="P85_ST00056" HPOS="78" VPOS="381" WIDTH="63" HEIGHT="15" CONTENT="near" WC="0.85" CC="0005"/>
						<SP ID="P85_SP00046" HPOS="141" VPOS="396" WIDTH="19"/>
						<String ID="P85_ST00057" HPOS="160" VPOS="373" WIDTH="114" HEIGHT="24" CONTENT="Smeeth." WC="0.76" CC="7000350"/>
					</TextLine>
				</TextBlock>
				<TextBlock ID="P85_TB00007" HPOS="75" VPOS="413" WIDTH="874" HEIGHT="478" STYLEREFS="TXT_0 PAR_LEFT">
					<TextLine ID="P85_TL00010" HPOS="113" VPOS="413" WIDTH="836" HEIGHT="35">
						<String ID="P85_ST00058" HPOS="113" VPOS="413" WIDTH="60" HEIGHT="24" CONTENT="You" WC="0.58" CC="507"/>
						<SP ID="P85_SP00047" HPOS="173" VPOS="437" WIDTH="19"/>
						<String ID="P85_ST00059" HPOS="192" VPOS="417" WIDTH="71" HEIGHT="21" CONTENT="must" WC="0.71" CC="0190"/>
						<SP ID="P85_SP00048" HPOS="263" VPOS="438" WIDTH="13"/>
						<String ID="P85_ST00060" HPOS="276" VPOS="424" WIDTH="80" HEIGHT="15" CONTENT="never" WC="0.96" CC="02000"/>
						<SP ID="P85_SP00049" HPOS="356" VPOS="439" WIDTH="12"/>
						<String ID="P85_ST00061" HPOS="368" VPOS="416" WIDTH="86" HEIGHT="32" CONTENT="forget" WC="0.86" CC="001006"/>
						<SP ID="P85_SP00050" HPOS="454" VPOS="448" WIDTH="14"/>
						<String ID="P85_ST00062" HPOS="468" VPOS="416" WIDTH="60" HEIGHT="23" CONTENT="that" WC="0.64" CC="3406"/>
						<SP ID="P85_SP00051" HPOS="528" VPOS="448" WIDTH="12"/>
						<String ID="P85_ST00063" HPOS="540" VPOS="424" WIDTH="49" HEIGHT="16" CONTENT="one" WC="0.69" CC="260"/>
						<SP ID="P85_SP00052" HPOS="589" VPOS="448" WIDTH="13"/>
						<String ID="P85_ST00064" HPOS="602" VPOS="416" WIDTH="27" HEIGHT="24" CONTENT="of" WC="1.00" CC="00"/>
						<SP ID="P85_SP00053" HPOS="629" VPOS="448" WIDTH="18"/>
						<String ID="P85_ST00065" HPOS="647" VPOS="416" WIDTH="45" HEIGHT="23" CONTENT="the" WC="0.62" CC="460"/>
						<SP ID="P85_SP00054" HPOS="692" VPOS="448" WIDTH="13"/>
						<String ID="P85_ST00066" HPOS="705" VPOS="416" WIDTH="103" HEIGHT="32" CONTENT="darling" WC="0.64" CC="0094550"/>
						<SP ID="P85_SP00055" HPOS="808" VPOS="448" WIDTH="13"/>
						<String ID="P85_ST00067" HPOS="821" VPOS="416" WIDTH="89" HEIGHT="24" CONTENT="heroes" WC="0.66" CC="602092"/>
						<SP ID="P85_SP00056" HPOS="910" VPOS="448" WIDTH="13"/>
						<String ID="P85_ST00068" HPOS="923" VPOS="416" WIDTH="26" HEIGHT="24" CONTENT="of" WC="1.00" CC="00"/>
					</TextLine>
					<TextLine ID="P85_TL00011" HPOS="78" VPOS="453" WIDTH="869" HEIGHT="35">
						<String ID="P85_ST00069" HPOS="78" VPOS="453" WIDTH="110" HEIGHT="33" CONTENT="English" WC="0.44" CC="2696076"/>
						<SP ID="P85_SP00057" HPOS="188" VPOS="486" WIDTH="21"/>
						<String ID="P85_ST00070" HPOS="209" VPOS="455" WIDTH="101" HEIGHT="33" CONTENT="history" WC="0.83" CC="0032500"/>
						<SP ID="P85_SP00058" HPOS="310" VPOS="488" WIDTH="20"/>
						<String ID="P85_ST00071" HPOS="330" VPOS="456" WIDTH="27" HEIGHT="24" CONTENT="of" WC="1.00" CC="00"/>
						<SP ID="P85_SP00059" HPOS="357" VPOS="488" WIDTH="20"/>
						<String ID="P85_ST00072" HPOS="377" VPOS="456" WIDTH="61" HEIGHT="31" CONTENT="this," WC="0.56" CC="46073"/>
						<SP ID="P85_SP00060" HPOS="438" VPOS="488" WIDTH="15"/>
						<String ID="P85_ST00073" HPOS="453" VPOS="465" WIDTH="29" HEIGHT="15" CONTENT="or" WC="0.70" CC="05"/>
						<SP ID="P85_SP00061" HPOS="482" VPOS="488" WIDTH="13"/>
						<String ID="P85_ST00074" HPOS="495" VPOS="456" WIDTH="26" HEIGHT="25" CONTENT="of" WC="1.00" CC="00"/>
						<SP ID="P85_SP00062" HPOS="521" VPOS="488" WIDTH="21"/>
						<String ID="P85_ST00075" HPOS="542" VPOS="465" WIDTH="53" HEIGHT="23" CONTENT="any" WC="0.71" CC="620"/>
						<SP ID="P85_SP00063" HPOS="595" VPOS="488" WIDTH="12"/>
						<String ID="P85_ST00076" HPOS="607" VPOS="457" WIDTH="70" HEIGHT="29" CONTENT="time," WC="0.78" CC="10800"/>
						<SP ID="P85_SP00064" HPOS="677" VPOS="488" WIDTH="16"/>
						<String ID="P85_ST00077" HPOS="693" VPOS="465" WIDTH="51" HEIGHT="15" CONTENT="was" WC="0.77" CC="006"/>
						<SP ID="P85_SP00065" HPOS="744" VPOS="488" WIDTH="13"/>
						<String ID="P85_ST00078" HPOS="757" VPOS="465" WIDTH="15" HEIGHT="15" CONTENT="a" WC="1.00" CC="0"/>
						<SP ID="P85_SP00066" HPOS="772" VPOS="488" WIDTH="13"/>
						<String ID="P85_ST00079" HPOS="785" VPOS="457" WIDTH="75" HEIGHT="24" CONTENT="Kent" WC="0.52" CC="4049"/>
						<SP ID="P85_SP00067" HPOS="860" VPOS="488" WIDTH="19"/>
						<String ID="P85_ST00080" HPOS="879" VPOS="465" WIDTH="68" HEIGHT="17" CONTENT="man." WC="0.45" CC="9380"/>
					</TextLine>
					<TextLine ID="P85_TL00012" HPOS="77" VPOS="494" WIDTH="872" HEIGHT="36">
						<String ID="P85_ST00081" HPOS="77" VPOS="494" WIDTH="61" HEIGHT="24" CONTENT="This" WC="0.72" CC="0604"/>
						<SP ID="P85_SP00068" HPOS="138" VPOS="518" WIDTH="26"/>
						<String ID="P85_ST00082" HPOS="164" VPOS="504" WIDTH="52" HEIGHT="15" CONTENT="was" WC="0.90" CC="002"/>
						<SP ID="P85_SP00069" HPOS="216" VPOS="519" WIDTH="25"/>
						<String ID="P85_ST00083" HPOS="241" VPOS="496" WIDTH="42" HEIGHT="24" CONTENT="Sir" WC="0.62" CC="704"/>
						<SP ID="P85_SP00070" HPOS="283" VPOS="520" WIDTH="22"/>
						<String ID="P85_ST00084" HPOS="305" VPOS="497" WIDTH="87" HEIGHT="32" CONTENT="Philip" WC="0.50" CC="763650"/>
						<SP ID="P85_SP00071" HPOS="392" VPOS="529" WIDTH="21"/>
						<String ID="P85_ST00085" HPOS="413" VPOS="497" WIDTH="103" HEIGHT="33" CONTENT="Sidney," WC="0.79" CC="7007000"/>
						<SP ID="P85_SP00072" HPOS="516" VPOS="530" WIDTH="19"/>
						<String ID="P85_ST00086" HPOS="535" VPOS="497" WIDTH="27" HEIGHT="24" CONTENT="of" WC="0.73" CC="05"/>
						<SP ID="P85_SP00073" HPOS="562" VPOS="530" WIDTH="22"/>
						<String ID="P85_ST00087" HPOS="584" VPOS="497" WIDTH="152" HEIGHT="29" CONTENT="Penshurst," WC="0.71" CC="7015010550"/>
						<SP ID="P85_SP00074" HPOS="736" VPOS="530" WIDTH="24"/>
						<String ID="P85_ST00088" HPOS="760" VPOS="499" WIDTH="14" HEIGHT="11" CONTENT='"' WC="1.00" CC="0"/>
						<SP ID="P85_SP00075" HPOS="774" VPOS="530" WIDTH="9"/>
						<String ID="P85_ST00089" HPOS="783" VPOS="497" WIDTH="57" HEIGHT="24" CONTENT="who" WC="0.62" CC="065"/>
						<SP ID="P85_SP00076" HPOS="840" VPOS="530" WIDTH="20"/>
						<String ID="P85_ST00090" HPOS="860" VPOS="506" WIDTH="53" HEIGHT="15" CONTENT="was" WC="0.50" CC="086"/>
						<SP ID="P85_SP00077" HPOS="913" VPOS="530" WIDTH="21"/>
						<String ID="P85_ST00091" HPOS="934" VPOS="506" WIDTH="15" HEIGHT="15" CONTENT="a" WC="1.00" CC="0"/>
					</TextLine>
					<TextLine ID="P85_TL00013" HPOS="77" VPOS="535" WIDTH="872" HEIGHT="35">
						<String ID="P85_ST00092" HPOS="77" VPOS="535" WIDTH="149" HEIGHT="31" CONTENT="gentleman" WC="0.79" CC="000900008"/>
						<SP ID="P85_SP00078" HPOS="226" VPOS="566" WIDTH="14"/>
						<String ID="P85_ST00093" HPOS="240" VPOS="537" WIDTH="112" HEIGHT="24" CONTENT="finished" WC="0.83" CC="00603300"/>
						<SP ID="P85_SP00079" HPOS="352" VPOS="566" WIDTH="16"/>
						<String ID="P85_ST00094" HPOS="368" VPOS="537" WIDTH="52" HEIGHT="24" CONTENT="and" WC="0.14" CC="978"/>
						<SP ID="P85_SP00080" HPOS="420" VPOS="566" WIDTH="15"/>
						<String ID="P85_ST00095" HPOS="435" VPOS="538" WIDTH="132" HEIGHT="32" CONTENT="complete," WC="0.82" CC="030040601"/>
						<SP ID="P85_SP00081" HPOS="567" VPOS="570" WIDTH="17"/>
						<String ID="P85_ST00096" HPOS="584" VPOS="537" WIDTH="56" HEIGHT="24" CONTENT="who" WC="0.82" CC="050"/>
						<SP ID="P85_SP00082" HPOS="640" VPOS="570" WIDTH="14"/>
						<String ID="P85_ST00097" HPOS="654" VPOS="537" WIDTH="60" HEIGHT="24" CONTENT="trod" WC="0.86" CC="0040"/>
						<SP ID="P85_SP00083" HPOS="714" VPOS="570" WIDTH="13"/>
						<String ID="P85_ST00098" HPOS="727" VPOS="537" WIDTH="66" HEIGHT="23" CONTENT="from" WC="0.83" CC="0501"/>
						<SP ID="P85_SP00084" HPOS="793" VPOS="570" WIDTH="13"/>
						<String ID="P85_ST00099" HPOS="806" VPOS="537" WIDTH="41" HEIGHT="24" CONTENT="his" WC="0.74" CC="700"/>
						<SP ID="P85_SP00085" HPOS="847" VPOS="570" WIDTH="16"/>
						<String ID="P85_ST00100" HPOS="863" VPOS="537" WIDTH="86" HEIGHT="25" CONTENT="cradle" WC="0.88" CC="030030"/>
					</TextLine>
					<TextLine ID="P85_TL00014" HPOS="77" VPOS="576" WIDTH="872" HEIGHT="33">
						<String ID="P85_ST00101" HPOS="77" VPOS="578" WIDTH="27" HEIGHT="21" CONTENT="to" WC="0.76" CC="40"/>
						<SP ID="P85_SP00086" HPOS="104" VPOS="599" WIDTH="25"/>
						<String ID="P85_ST00102" HPOS="129" VPOS="576" WIDTH="41" HEIGHT="24" CONTENT="his" WC="0.74" CC="033"/>
						<SP ID="P85_SP00087" HPOS="170" VPOS="600" WIDTH="22"/>
						<String ID="P85_ST00103" HPOS="192" VPOS="585" WIDTH="79" HEIGHT="24" CONTENT="grave" WC="0.95" CC="02000"/>
						<SP ID="P85_SP00088" HPOS="271" VPOS="609" WIDTH="19"/>
						<String ID="P85_ST00104" HPOS="290" VPOS="577" WIDTH="97" HEIGHT="25" CONTENT="amidst" WC="0.86" CC="002060"/>
						<SP ID="P85_SP00089" HPOS="387" VPOS="609" WIDTH="21"/>
						<String ID="P85_ST00105" HPOS="408" VPOS="578" WIDTH="105" HEIGHT="24" CONTENT="incense" WC="0.84" CC="0200610"/>
						<SP ID="P85_SP00090" HPOS="513" VPOS="609" WIDTH="20"/>
						<String ID="P85_ST00106" HPOS="533" VPOS="577" WIDTH="52" HEIGHT="25" CONTENT="and" WC="0.83" CC="050"/>
						<SP ID="P85_SP00091" HPOS="585" VPOS="609" WIDTH="21"/>
						<String ID="P85_ST00107" HPOS="606" VPOS="578" WIDTH="107" HEIGHT="29" CONTENT="flowers," WC="0.84" CC="00302230"/>
						<SP ID="P85_SP00092" HPOS="713" VPOS="609" WIDTH="14"/>
						<String ID="P85_ST00108" HPOS="727" VPOS="578" WIDTH="53" HEIGHT="24" CONTENT="and" WC="0.88" CC="030"/>
						<SP ID="P85_SP00093" HPOS="780" VPOS="609" WIDTH="21"/>
						<String ID="P85_ST00109" HPOS="801" VPOS="578" WIDTH="60" HEIGHT="24" CONTENT="died" WC="0.70" CC="8300"/>
						<SP ID="P85_SP00094" HPOS="861" VPOS="609" WIDTH="23"/>
						<String ID="P85_ST00110" HPOS="884" VPOS="579" WIDTH="28" HEIGHT="23" CONTENT="in" WC="0.68" CC="06"/>
						<SP ID="P85_SP00095" HPOS="912" VPOS="609" WIDTH="21"/>
						<String ID="P85_ST00111" HPOS="933" VPOS="587" WIDTH="16" HEIGHT="16" CONTENT="a" WC="1.00" CC="0"/>
					</TextLine>
					<TextLine ID="P85_TL00015" HPOS="77" VPOS="616" WIDTH="871" HEIGHT="35">
						<String ID="P85_ST00112" HPOS="77" VPOS="616" WIDTH="87" HEIGHT="25" CONTENT="dream" WC="0.87" CC="00006"/>
						<SP ID="P85_SP00096" HPOS="164" VPOS="641" WIDTH="15"/>
						<String ID="P85_ST00113" HPOS="179" VPOS="617" WIDTH="27" HEIGHT="24" CONTENT="of" WC="1.00" CC="00"/>
						<SP ID="P85_SP00097" HPOS="206" VPOS="641" WIDTH="19"/>
						<String ID="P85_ST00114" HPOS="225" VPOS="618" WIDTH="75" HEIGHT="32" CONTENT="glory" WC="0.90" CC="00400"/>
						<SP ID="P85_SP00098" HPOS="300" VPOS="650" WIDTH="11"/>
						<String ID="P85_ST00115" HPOS="311" VPOS="627" WIDTH="6" HEIGHT="21" CONTENT=";" WC="0.59" CC="4"/>
						<SP ID="P85_SP00099" HPOS="317" VPOS="650" WIDTH="10"/>
						<String ID="P85_ST00116" HPOS="327" VPOS="618" WIDTH="12" HEIGHT="10" CONTENT='"' WC="1.00" CC="0"/>
						<SP ID="P85_SP00100" HPOS="339" VPOS="650" WIDTH="22"/>
						<String ID="P85_ST00117" HPOS="361" VPOS="620" WIDTH="14" HEIGHT="11" CONTENT='"' WC="0.94" CC="0"/>
						<SP ID="P85_SP00101" HPOS="375" VPOS="650" WIDTH="10"/>
						<String ID="P85_ST00118" HPOS="385" VPOS="618" WIDTH="79" HEIGHT="30" CONTENT='who,"' WC="0.89" CC="05000"/>
						<SP ID="P85_SP00102" HPOS="464" VPOS="650" WIDTH="17"/>
						<String ID="P85_ST00119" HPOS="481" VPOS="627" WIDTH="59" HEIGHT="24" CONTENT="says" WC="0.54" CC="4093"/>
						<SP ID="P85_SP00103" HPOS="540" VPOS="651" WIDTH="14"/>
						<String ID="P85_ST00120" HPOS="554" VPOS="618" WIDTH="68" HEIGHT="24" CONTENT="Lord" WC="0.86" CC="0500"/>
						<SP ID="P85_SP00104" HPOS="622" VPOS="651" WIDTH="15"/>
						<String ID="P85_ST00121" HPOS="637" VPOS="618" WIDTH="107" HEIGHT="30" CONTENT="Brooke," WC="0.88" CC="5000003"/>
						<SP ID="P85_SP00105" HPOS="744" VPOS="651" WIDTH="17"/>
						<String ID="P85_ST00122" HPOS="761" VPOS="621" WIDTH="15" HEIGHT="10" CONTENT='"' WC="1.00" CC="0"/>
						<SP ID="P85_SP00106" HPOS="776" VPOS="651" WIDTH="12"/>
						<String ID="P85_ST00123" HPOS="788" VPOS="627" WIDTH="50" HEIGHT="15" CONTENT="was" WC="0.47" CC="807"/>
						<SP ID="P85_SP00107" HPOS="838" VPOS="651" WIDTH="19"/>
						<String ID="P85_ST00124" HPOS="857" VPOS="627" WIDTH="15" HEIGHT="15" CONTENT="a" WC="1.00" CC="0"/>
						<SP ID="P85_SP00108" HPOS="872" VPOS="651" WIDTH="18"/>
						<String ID="P85_ST00125" HPOS="890" VPOS="622" WIDTH="58" HEIGHT="20" CONTENT="true" WC="0.77" CC="1330"/>
					</TextLine>
					<TextLine ID="P85_TL00016" HPOS="76" VPOS="657" WIDTH="869" HEIGHT="34">
						<String ID="P85_ST00126" HPOS="76" VPOS="657" WIDTH="85" HEIGHT="24" CONTENT="model" WC="0.81" CC="04050"/>
						<SP ID="P85_SP00109" HPOS="161" VPOS="681" WIDTH="28"/>
						<String ID="P85_ST00127" HPOS="189" VPOS="658" WIDTH="27" HEIGHT="23" CONTENT="of" WC="1.00" CC="00"/>
						<SP ID="P85_SP00110" HPOS="216" VPOS="681" WIDTH="31"/>
						<String ID="P85_ST00128" HPOS="247" VPOS="659" WIDTH="91" HEIGHT="29" CONTENT="worth," WC="1.00" CC="000000"/>
						<SP ID="P85_SP00111" HPOS="338" VPOS="688" WIDTH="33"/>
						<String ID="P85_ST00129" HPOS="371" VPOS="668" WIDTH="15" HEIGHT="14" CONTENT="a" WC="1.00" CC="0"/>
						<SP ID="P85_SP00112" HPOS="386" VPOS="688" WIDTH="27"/>
						<String ID="P85_ST00130" HPOS="413" VPOS="668" WIDTH="62" HEIGHT="14" CONTENT="man" WC="0.72" CC="008"/>
						<SP ID="P85_SP00113" HPOS="475" VPOS="688" WIDTH="31"/>
						<String ID="P85_ST00131" HPOS="506" VPOS="659" WIDTH="29" HEIGHT="23" CONTENT="fit" WC="0.53" CC="760"/>
						<SP ID="P85_SP00114" HPOS="535" VPOS="688" WIDTH="31"/>
						<String ID="P85_ST00132" HPOS="566" VPOS="659" WIDTH="41" HEIGHT="23" CONTENT="for" WC="0.72" CC="304"/>
						<SP ID="P85_SP00115" HPOS="607" VPOS="688" WIDTH="25"/>
						<String ID="P85_ST00133" HPOS="632" VPOS="662" WIDTH="131" HEIGHT="29" CONTENT="conquest," WC="0.82" CC="007000440"/>
						<SP ID="P85_SP00116" HPOS="763" VPOS="691" WIDTH="26"/>
						<String ID="P85_ST00134" HPOS="789" VPOS="659" WIDTH="156" HEIGHT="32" CONTENT="plantation," WC="0.75" CC="05005900500"/>
					</TextLine>
					<TextLine ID="P85_TL00017" HPOS="76" VPOS="697" WIDTH="872" HEIGHT="33">
						<String ID="P85_ST00135" HPOS="76" VPOS="697" WIDTH="178" HEIGHT="32" CONTENT="reformation," WC="0.82" CC="200004052510"/>
						<SP ID="P85_SP00117" HPOS="254" VPOS="729" WIDTH="15"/>
						<String ID="P85_ST00136" HPOS="269" VPOS="707" WIDTH="29" HEIGHT="16" CONTENT="or" WC="0.54" CC="72"/>
						<SP ID="P85_SP00118" HPOS="298" VPOS="729" WIDTH="16"/>
						<String ID="P85_ST00137" HPOS="314" VPOS="699" WIDTH="72" HEIGHT="24" CONTENT="what" WC="0.47" CC="0694"/>
						<SP ID="P85_SP00119" HPOS="386" VPOS="729" WIDTH="14"/>
						<String ID="P85_ST00138" HPOS="400" VPOS="699" WIDTH="88" HEIGHT="24" CONTENT="action" WC="0.83" CC="002007"/>
						<SP ID="P85_SP00120" HPOS="488" VPOS="729" WIDTH="13"/>
						<String ID="P85_ST00139" HPOS="501" VPOS="707" WIDTH="89" HEIGHT="16" CONTENT="soever" WC="0.76" CC="100804"/>
						<SP ID="P85_SP00121" HPOS="590" VPOS="729" WIDTH="18"/>
						<String ID="P85_ST00140" HPOS="608" VPOS="699" WIDTH="21" HEIGHT="23" CONTENT="is" WC="0.57" CC="53"/>
						<SP ID="P85_SP00122" HPOS="629" VPOS="729" WIDTH="19"/>
						<String ID="P85_ST00141" HPOS="648" VPOS="702" WIDTH="115" HEIGHT="28" CONTENT="greatest" WC="0.82" CC="00021054"/>
						<SP ID="P85_SP00123" HPOS="763" VPOS="730" WIDTH="14"/>
						<String ID="P85_ST00142" HPOS="777" VPOS="699" WIDTH="50" HEIGHT="24" CONTENT="and" WC="0.90" CC="020"/>
						<SP ID="P85_SP00124" HPOS="827" VPOS="730" WIDTH="14"/>
						<String ID="P85_ST00143" HPOS="841" VPOS="699" WIDTH="107" HEIGHT="25" CONTENT="hardest" WC="0.61" CC="6700075"/>
					</TextLine>
					<TextLine ID="P85_TL00018" HPOS="77" VPOS="739" WIDTH="871" HEIGHT="33">
						<String ID="P85_ST00144" HPOS="77" VPOS="741" WIDTH="120" HEIGHT="29" CONTENT="amongst" WC="0.81" CC="0000066"/>
						<SP ID="P85_SP00125" HPOS="197" VPOS="770" WIDTH="14"/>
						<String ID="P85_ST00145" HPOS="211" VPOS="747" WIDTH="60" HEIGHT="16" CONTENT="men" WC="0.82" CC="005"/>
						<SP ID="P85_SP00126" HPOS="271" VPOS="770" WIDTH="11"/>
						<String ID="P85_ST00146" HPOS="282" VPOS="748" WIDTH="6" HEIGHT="21" CONTENT=";" WC="0.69" CC="3"/>
						<SP ID="P85_SP00127" HPOS="288" VPOS="770" WIDTH="14"/>
						<String ID="P85_ST00147" HPOS="302" VPOS="739" WIDTH="91" HEIGHT="24" CONTENT="withal" WC="0.72" CC="033360"/>
						<SP ID="P85_SP00128" HPOS="393" VPOS="770" WIDTH="14"/>
						<String ID="P85_ST00148" HPOS="407" VPOS="739" WIDTH="63" HEIGHT="24" CONTENT="such" WC="0.77" CC="2006"/>
						<SP ID="P85_SP00129" HPOS="470" VPOS="770" WIDTH="10"/>
						<String ID="P85_ST00149" HPOS="480" VPOS="748" WIDTH="15" HEIGHT="15" CONTENT="a" WC="1.00" CC="0"/>
						<SP ID="P85_SP00130" HPOS="495" VPOS="770" WIDTH="13"/>
						<String ID="P85_ST00150" HPOS="508" VPOS="740" WIDTH="71" HEIGHT="23" CONTENT="lover" WC="0.83" CC="43000"/>
						<SP ID="P85_SP00131" HPOS="579" VPOS="770" WIDTH="8"/>
						<String ID="P85_ST00151" HPOS="587" VPOS="739" WIDTH="27" HEIGHT="24" CONTENT="of" WC="0.97" CC="00"/>
						<SP ID="P85_SP00132" HPOS="614" VPOS="770" WIDTH="13"/>
						<String ID="P85_ST00152" HPOS="627" VPOS="739" WIDTH="125" HEIGHT="24" CONTENT="mankind" WC="0.68" CC="5080080"/>
						<SP ID="P85_SP00133" HPOS="752" VPOS="770" WIDTH="11"/>
						<String ID="P85_ST00153" HPOS="763" VPOS="739" WIDTH="52" HEIGHT="25" CONTENT="and" WC="0.81" CC="050"/>
						<SP ID="P85_SP00134" HPOS="815" VPOS="770" WIDTH="8"/>
						<String ID="P85_ST00154" HPOS="823" VPOS="740" WIDTH="125" HEIGHT="32" CONTENT="goodness" WC="0.81" CC="00000068"/>
					</TextLine>
					<TextLine ID="P85_TL00019" HPOS="77" VPOS="779" WIDTH="869" HEIGHT="33">
						<String ID="P85_ST00155" HPOS="77" VPOS="779" WIDTH="62" HEIGHT="23" CONTENT="that" WC="0.75" CC="5400"/>
						<SP ID="P85_SP00135" HPOS="139" VPOS="802" WIDTH="22"/>
						<String ID="P85_ST00156" HPOS="161" VPOS="779" WIDTH="150" HEIGHT="24" CONTENT="whosoever" WC="0.71" CC="032600704"/>
						<SP ID="P85_SP00136" HPOS="311" VPOS="803" WIDTH="24"/>
						<String ID="P85_ST00157" HPOS="335" VPOS="780" WIDTH="51" HEIGHT="23" CONTENT="had" WC="0.76" CC="700"/>
						<SP ID="P85_SP00137" HPOS="386" VPOS="803" WIDTH="27"/>
						<String ID="P85_ST00158" HPOS="413" VPOS="780" WIDTH="52" HEIGHT="24" CONTENT="real" WC="1.00" CC="0000"/>
						<SP ID="P85_SP00138" HPOS="465" VPOS="804" WIDTH="22"/>
						<String ID="P85_ST00159" HPOS="487" VPOS="782" WIDTH="73" HEIGHT="30" CONTENT="parts" WC="0.93" CC="00200"/>
						<SP ID="P85_SP00139" HPOS="560" VPOS="812" WIDTH="24"/>
						<String ID="P85_ST00160" HPOS="584" VPOS="780" WIDTH="29" HEIGHT="23" CONTENT="in" WC="0.61" CC="07"/>
						<SP ID="P85_SP00140" HPOS="613" VPOS="812" WIDTH="24"/>
						<String ID="P85_ST00161" HPOS="637" VPOS="780" WIDTH="54" HEIGHT="22" CONTENT="him" WC="0.54" CC="643"/>
						<SP ID="P85_SP00141" HPOS="691" VPOS="812" WIDTH="25"/>
						<String ID="P85_ST00162" HPOS="716" VPOS="780" WIDTH="83" HEIGHT="24" CONTENT="found" WC="0.73" CC="90030"/>
						<SP ID="P85_SP00142" HPOS="799" VPOS="812" WIDTH="30"/>
						<String ID="P85_ST00163" HPOS="829" VPOS="781" WIDTH="117" HEIGHT="30" CONTENT="comfort," WC="0.86" CC="00004510"/>
					</TextLine>
					<TextLine ID="P85_TL00020" HPOS="76" VPOS="819" WIDTH="872" HEIGHT="34">
						<String ID="P85_ST00164" HPOS="76" VPOS="820" WIDTH="187" HEIGHT="32" CONTENT="participation" WC="0.86" CC="0103000002206"/>
						<SP ID="P85_SP00143" HPOS="263" VPOS="852" WIDTH="23"/>
						<String ID="P85_ST00165" HPOS="286" VPOS="819" WIDTH="170" HEIGHT="34" CONTENT="(sympathy)," WC="0.64" CC="34909030034"/>
						<SP ID="P85_SP00144" HPOS="456" VPOS="853" WIDTH="14"/>
						<String ID="P85_ST00166" HPOS="470" VPOS="820" WIDTH="53" HEIGHT="24" CONTENT="and" WC="0.72" CC="080"/>
						<SP ID="P85_SP00145" HPOS="523" VPOS="853" WIDTH="13"/>
						<String ID="P85_ST00167" HPOS="536" VPOS="821" WIDTH="147" HEIGHT="31" CONTENT="protection" WC="0.77" CC="0000009047"/>
						<SP ID="P85_SP00146" HPOS="683" VPOS="853" WIDTH="18"/>
						<String ID="P85_ST00168" HPOS="701" VPOS="823" WIDTH="27" HEIGHT="22" CONTENT="to" WC="0.54" CC="44"/>
						<SP ID="P85_SP00147" HPOS="728" VPOS="853" WIDTH="22"/>
						<String ID="P85_ST00169" HPOS="750" VPOS="821" WIDTH="44" HEIGHT="24" CONTENT="the" WC="0.71" CC="250"/>
						<SP ID="P85_SP00148" HPOS="794" VPOS="853" WIDTH="14"/>
						<String ID="P85_ST00170" HPOS="808" VPOS="824" WIDTH="140" HEIGHT="22" CONTENT="uttermost" WC="0.81" CC="600000045"/>
					</TextLine>
					<TextLine ID="P85_TL00021" HPOS="76" VPOS="860" WIDTH="198" HEIGHT="31">
						<String ID="P85_ST00171" HPOS="76" VPOS="860" WIDTH="27" HEIGHT="24" CONTENT="of" WC="0.17" CC="97"/>
						<SP ID="P85_SP00149" HPOS="103" VPOS="884" WIDTH="11"/>
						<String ID="P85_ST00172" HPOS="114" VPOS="860" WIDTH="40" HEIGHT="24" CONTENT="his" WC="0.50" CC="707"/>
						<SP ID="P85_SP00150" HPOS="154" VPOS="884" WIDTH="11"/>
						<String ID="P85_ST00173" HPOS="165" VPOS="861" WIDTH="109" HEIGHT="30" CONTENT='power."' WC="0.93" CC="0000210"/>
					</TextLine>
				</TextBlock>
				<TextBlock ID="P85_TB00008" HPOS="74" VPOS="900" WIDTH="872" HEIGHT="347" STYLEREFS="TXT_0 PAR_LEFT">
					<TextLine ID="P85_TL00022" HPOS="111" VPOS="901" WIDTH="835" HEIGHT="33">
						<String ID="P85_ST00174" HPOS="111" VPOS="901" WIDTH="15" HEIGHT="23" CONTENT="I" WC="0.82" CC="1"/>
						<SP ID="P85_SP00151" HPOS="126" VPOS="924" WIDTH="13"/>
						<String ID="P85_ST00175" HPOS="139" VPOS="901" WIDTH="65" HEIGHT="24" CONTENT="need" WC="0.76" CC="6020"/>
						<SP ID="P85_SP00152" HPOS="204" VPOS="925" WIDTH="14"/>
						<String ID="P85_ST00176" HPOS="218" VPOS="904" WIDTH="47" HEIGHT="21" CONTENT="not" WC="0.46" CC="446"/>
						<SP ID="P85_SP00153" HPOS="265" VPOS="925" WIDTH="14"/>
						<String ID="P85_ST00177" HPOS="279" VPOS="904" WIDTH="89" HEIGHT="30" CONTENT="repeat" WC="0.77" CC="600006"/>
						<SP ID="P85_SP00154" HPOS="368" VPOS="934" WIDTH="11"/>
						<String ID="P85_ST00178" HPOS="379" VPOS="904" WIDTH="27" HEIGHT="21" CONTENT="to" WC="0.79" CC="12"/>
						<SP ID="P85_SP00155" HPOS="406" VPOS="934" WIDTH="12"/>
						<String ID="P85_ST00179" HPOS="418" VPOS="910" WIDTH="52" HEIGHT="24" CONTENT="you" WC="0.89" CC="030"/>
						<SP ID="P85_SP00156" HPOS="470" VPOS="934" WIDTH="10"/>
						<String ID="P85_ST00180" HPOS="480" VPOS="901" WIDTH="45" HEIGHT="24" CONTENT="the" WC="0.59" CC="560"/>
						<SP ID="P85_SP00157" HPOS="525" VPOS="934" WIDTH="11"/>
						<String ID="P85_ST00181" HPOS="536" VPOS="901" WIDTH="128" HEIGHT="24" CONTENT="beautiful" WC="0.80" CC="300334002"/>
						<SP ID="P85_SP00158" HPOS="664" VPOS="934" WIDTH="14"/>
						<String ID="P85_ST00182" HPOS="678" VPOS="904" WIDTH="72" HEIGHT="30" CONTENT="story" WC="0.70" CC="01039"/>
						<SP ID="P85_SP00159" HPOS="750" VPOS="934" WIDTH="11"/>
						<String ID="P85_ST00183" HPOS="761" VPOS="902" WIDTH="26" HEIGHT="23" CONTENT="of" WC="1.00" CC="00"/>
						<SP ID="P85_SP00160" HPOS="787" VPOS="934" WIDTH="12"/>
						<String ID="P85_ST00184" HPOS="799" VPOS="902" WIDTH="40" HEIGHT="24" CONTENT="his" WC="0.44" CC="636"/>
						<SP ID="P85_SP00161" HPOS="839" VPOS="934" WIDTH="13"/>
						<String ID="P85_ST00185" HPOS="852" VPOS="902" WIDTH="80" HEIGHT="24" CONTENT="death" WC="0.77" CC="00056"/>
						<SP ID="P85_SP00162" HPOS="932" VPOS="934" WIDTH="11"/>
						<String ID="P85_ST00186" HPOS="943" VPOS="911" WIDTH="3" HEIGHT="20" CONTENT=";" WC="1.00" CC="0"/>
					</TextLine>
					<TextLine ID="P85_TL00023" HPOS="76" VPOS="941" WIDTH="870" HEIGHT="33">
						<String ID="P85_ST00187" HPOS="76" VPOS="950" WIDTH="16" HEIGHT="15" CONTENT="a" WC="1.00" CC="0"/>
						<SP ID="P85_SP00163" HPOS="92" VPOS="965" WIDTH="19"/>
						<String ID="P85_ST00188" HPOS="111" VPOS="944" WIDTH="74" HEIGHT="30" CONTENT="story" WC="0.76" CC="35200"/>
						<SP ID="P85_SP00164" HPOS="185" VPOS="974" WIDTH="17"/>
						<String ID="P85_ST00189" HPOS="202" VPOS="950" WIDTH="27" HEIGHT="16" CONTENT="so" WC="0.69" CC="60"/>
						<SP ID="P85_SP00165" HPOS="229" VPOS="974" WIDTH="20"/>
						<String ID="P85_ST00190" HPOS="249" VPOS="941" WIDTH="131" HEIGHT="25" CONTENT="beautiful" WC="0.65" CC="109620550"/>
						<SP ID="P85_SP00166" HPOS="380" VPOS="974" WIDTH="15"/>
						<String ID="P85_ST00191" HPOS="395" VPOS="942" WIDTH="59" HEIGHT="24" CONTENT="that" WC="0.51" CC="6706"/>
						<SP ID="P85_SP00167" HPOS="454" VPOS="974" WIDTH="14"/>
						<String ID="P85_ST00192" HPOS="468" VPOS="950" WIDTH="65" HEIGHT="16" CONTENT="even" WC="0.77" CC="0062"/>
						<SP ID="P85_SP00168" HPOS="533" VPOS="974" WIDTH="13"/>
						<String ID="P85_ST00193" HPOS="546" VPOS="942" WIDTH="45" HEIGHT="23" CONTENT="the" WC="0.77" CC="060"/>
						<SP ID="P85_SP00169" HPOS="591" VPOS="974" WIDTH="19"/>
						<String ID="P85_ST00194" HPOS="610" VPOS="942" WIDTH="117" HEIGHT="31" CONTENT="priggish" WC="0.59" CC="92370046"/>
						<SP ID="P85_SP00170" HPOS="727" VPOS="974" WIDTH="18"/>
						<String ID="P85_ST00195" HPOS="745" VPOS="951" WIDTH="90" HEIGHT="23" CONTENT="pryers" WC="0.69" CC="049040"/>
						<SP ID="P85_SP00171" HPOS="835" VPOS="974" WIDTH="20"/>
						<String ID="P85_ST00196" HPOS="855" VPOS="943" WIDTH="27" HEIGHT="24" CONTENT="of" WC="1.00" CC="00"/>
						<SP ID="P85_SP00172" HPOS="882" VPOS="974" WIDTH="19"/>
						<String ID="P85_ST00197" HPOS="901" VPOS="943" WIDTH="45" HEIGHT="24" CONTENT="the" WC="0.74" CC="610"/>
					</TextLine>
					<TextLine ID="P85_TL00024" HPOS="76" VPOS="982" WIDTH="870" HEIGHT="32">
						<String ID="P85_ST00198" HPOS="76" VPOS="985" WIDTH="105" HEIGHT="28" CONTENT="present" WC="0.84" CC="0005005"/>
						<SP ID="P85_SP00173" HPOS="181" VPOS="1013" WIDTH="13"/>
						<String ID="P85_ST00199" HPOS="194" VPOS="983" WIDTH="59" HEIGHT="31" CONTENT="day," WC="0.75" CC="0090"/>
						<SP ID="P85_SP00174" HPOS="253" VPOS="1014" WIDTH="16"/>
						<String ID="P85_ST00200" HPOS="269" VPOS="991" WIDTH="61" HEIGHT="15" CONTENT="ever" WC="0.76" CC="5003"/>
						<SP ID="P85_SP00175" HPOS="330" VPOS="1014" WIDTH="18"/>
						<String ID="P85_ST00201" HPOS="348" VPOS="983" WIDTH="67" HEIGHT="23" CONTENT="alert" WC="0.93" CC="00030"/>
						<SP ID="P85_SP00176" HPOS="415" VPOS="1014" WIDTH="18"/>
						<String ID="P85_ST00202" HPOS="433" VPOS="986" WIDTH="28" HEIGHT="20" CONTENT="to" WC="0.88" CC="02"/>
						<SP ID="P85_SP00177" HPOS="461" VPOS="1014" WIDTH="18"/>
						<String ID="P85_ST00203" HPOS="479" VPOS="990" WIDTH="79" HEIGHT="24" CONTENT="prove" WC="0.81" CC="90000"/>
						<SP ID="P85_SP00178" HPOS="558" VPOS="1014" WIDTH="15"/>
						<String ID="P85_ST00204" HPOS="573" VPOS="985" WIDTH="27" HEIGHT="21" CONTENT="to" WC="0.85" CC="20"/>
						<SP ID="P85_SP00179" HPOS="600" VPOS="1014" WIDTH="17"/>
						<String ID="P85_ST00205" HPOS="617" VPOS="982" WIDTH="30" HEIGHT="24" CONTENT="be" WC="0.92" CC="10"/>
						<SP ID="P85_SP00180" HPOS="647" VPOS="1014" WIDTH="14"/>
						<String ID="P85_ST00206" HPOS="661" VPOS="982" WIDTH="64" HEIGHT="24" CONTENT="false" WC="0.58" CC="09460"/>
						<SP ID="P85_SP00181" HPOS="725" VPOS="1014" WIDTH="13"/>
						<String ID="P85_ST00207" HPOS="738" VPOS="990" WIDTH="48" HEIGHT="16" CONTENT="our" WC="0.78" CC="303"/>
						<SP ID="P85_SP00182" HPOS="786" VPOS="1014" WIDTH="12"/>
						<String ID="P85_ST00208" HPOS="798" VPOS="986" WIDTH="45" HEIGHT="28" CONTENT="pet" WC="0.79" CC="006"/>
						<SP ID="P85_SP00183" HPOS="843" VPOS="1014" WIDTH="12"/>
						<String ID="P85_ST00209" HPOS="855" VPOS="984" WIDTH="91" HEIGHT="23" CONTENT="stories" WC="0.75" CC="4414002"/>
					</TextLine>
					<TextLine ID="P85_TL00025" HPOS="76" VPOS="1022" WIDTH="870" HEIGHT="33">
						<String ID="P85_ST00210" HPOS="76" VPOS="1023" WIDTH="51" HEIGHT="23" CONTENT="and" WC="1.00" CC="000"/>
						<SP ID="P85_SP00184" HPOS="127" VPOS="1046" WIDTH="13"/>
						<String ID="P85_ST00211" HPOS="140" VPOS="1023" WIDTH="148" HEIGHT="29" CONTENT="traditions," WC="0.69" CC="24450700800"/>
						<SP ID="P85_SP00185" HPOS="288" VPOS="1052" WIDTH="15"/>
						<String ID="P85_ST00212" HPOS="303" VPOS="1023" WIDTH="67" HEIGHT="23" CONTENT="have" WC="0.95" CC="1000"/>
						<SP ID="P85_SP00186" HPOS="370" VPOS="1052" WIDTH="13"/>
						<String ID="P85_ST00213" HPOS="383" VPOS="1023" WIDTH="49" HEIGHT="23" CONTENT="left" WC="0.85" CC="0005"/>
						<SP ID="P85_SP00187" HPOS="432" VPOS="1052" WIDTH="13"/>
						<String ID="P85_ST00214" HPOS="445" VPOS="1023" WIDTH="22" HEIGHT="23" CONTENT="it" WC="0.64" CC="25"/>
						<SP ID="P85_SP00188" HPOS="467" VPOS="1052" WIDTH="12"/>
						<String ID="P85_ST00215" HPOS="479" VPOS="1023" WIDTH="82" HEIGHT="23" CONTENT="alone." WC="0.91" CC="005000"/>
						<SP ID="P85_SP00189" HPOS="561" VPOS="1052" WIDTH="38"/>
						<String ID="P85_ST00216" HPOS="599" VPOS="1022" WIDTH="64" HEIGHT="24" CONTENT="And" WC="0.77" CC="060"/>
						<SP ID="P85_SP00190" HPOS="663" VPOS="1052" WIDTH="13"/>
						<String ID="P85_ST00217" HPOS="676" VPOS="1030" WIDTH="27" HEIGHT="16" CONTENT="so" WC="0.83" CC="03"/>
						<SP ID="P85_SP00191" HPOS="703" VPOS="1052" WIDTH="9"/>
						<String ID="P85_ST00218" HPOS="712" VPOS="1031" WIDTH="51" HEIGHT="24" CONTENT="you" WC="0.84" CC="004"/>
						<SP ID="P85_SP00192" HPOS="763" VPOS="1055" WIDTH="14"/>
						<String ID="P85_ST00219" HPOS="777" VPOS="1031" WIDTH="59" HEIGHT="24" CONTENT="may" WC="0.60" CC="290"/>
						<SP ID="P85_SP00193" HPOS="836" VPOS="1055" WIDTH="13"/>
						<String ID="P85_ST00220" HPOS="849" VPOS="1023" WIDTH="97" HEIGHT="24" CONTENT="believe" WC="0.95" CC="3000000"/>
					</TextLine>
					<TextLine ID="P85_TL00026" HPOS="76" VPOS="1062" WIDTH="870" HEIGHT="33">
						<String ID="P85_ST00221" HPOS="76" VPOS="1063" WIDTH="59" HEIGHT="24" CONTENT="that" WC="0.87" CC="5000"/>
						<SP ID="P85_SP00194" HPOS="135" VPOS="1087" WIDTH="28"/>
						<String ID="P85_ST00222" HPOS="163" VPOS="1063" WIDTH="76" HEIGHT="25" CONTENT="other" WC="0.70" CC="14404"/>
						<SP ID="P85_SP00195" HPOS="239" VPOS="1088" WIDTH="19"/>
						<String ID="P85_ST00223" HPOS="258" VPOS="1067" WIDTH="90" HEIGHT="28" CONTENT="pretty" WC="0.62" CC="050790"/>
						<SP ID="P85_SP00196" HPOS="348" VPOS="1095" WIDTH="31"/>
						<String ID="P85_ST00224" HPOS="379" VPOS="1066" WIDTH="72" HEIGHT="29" CONTENT="story" WC="0.86" CC="04020"/>
						<SP ID="P85_SP00197" HPOS="451" VPOS="1095" WIDTH="28"/>
						<String ID="P85_ST00225" HPOS="479" VPOS="1062" WIDTH="56" HEIGHT="25" CONTENT="told" WC="0.57" CC="7440"/>
						<SP ID="P85_SP00198" HPOS="535" VPOS="1095" WIDTH="26"/>
						<String ID="P85_ST00226" HPOS="561" VPOS="1062" WIDTH="34" HEIGHT="33" CONTENT="by" WC="1.00" CC="00"/>
						<SP ID="P85_SP00199" HPOS="595" VPOS="1095" WIDTH="27"/>
						<String ID="P85_ST00227" HPOS="622" VPOS="1062" WIDTH="42" HEIGHT="24" CONTENT="Sir" WC="0.71" CC="602"/>
						<SP ID="P85_SP00200" HPOS="664" VPOS="1095" WIDTH="30"/>
						<String ID="P85_ST00228" HPOS="694" VPOS="1062" WIDTH="103" HEIGHT="25" CONTENT="Walter" WC="0.99" CC="000000"/>
						<SP ID="P85_SP00201" HPOS="797" VPOS="1095" WIDTH="25"/>
						<String ID="P85_ST00229" HPOS="822" VPOS="1063" WIDTH="75" HEIGHT="24" CONTENT="Scott" WC="0.77" CC="70040"/>
						<SP ID="P85_SP00202" HPOS="897" VPOS="1095" WIDTH="21"/>
						<String ID="P85_ST00230" HPOS="918" VPOS="1063" WIDTH="28" HEIGHT="24" CONTENT="in" WC="1.00" CC="00"/>
					</TextLine>
					<TextLine ID="P85_TL00027" HPOS="76" VPOS="1103" WIDTH="870" HEIGHT="32">
						<String ID="P85_ST00231" HPOS="76" VPOS="1106" WIDTH="15" HEIGHT="11" CONTENT='"' WC="1.00" CC="0"/>
						<SP ID="P85_SP00203" HPOS="91" VPOS="1117" WIDTH="8"/>
						<String ID="P85_ST00232" HPOS="99" VPOS="1104" WIDTH="169" HEIGHT="24" CONTENT="Kenilworth" WC="0.72" CC="3070005560"/>
						<SP ID="P85_SP00204" HPOS="268" VPOS="1128" WIDTH="12"/>
						<String ID="P85_ST00233" HPOS="280" VPOS="1104" WIDTH="11" HEIGHT="9" CONTENT='"' WC="0.53" CC="4"/>
						<SP ID="P85_SP00205" HPOS="291" VPOS="1128" WIDTH="24"/>
						<String ID="P85_ST00234" HPOS="315" VPOS="1103" WIDTH="81" HEIGHT="24" CONTENT="about" WC="0.95" CC="00002"/>
						<SP ID="P85_SP00206" HPOS="396" VPOS="1128" WIDTH="31"/>
						<String ID="P85_ST00235" HPOS="427" VPOS="1103" WIDTH="111" HEIGHT="24" CONTENT="another" WC="0.74" CC="0004705"/>
						<SP ID="P85_SP00207" HPOS="538" VPOS="1128" WIDTH="29"/>
						<String ID="P85_ST00236" HPOS="567" VPOS="1103" WIDTH="101" HEIGHT="31" CONTENT="gallant" WC="0.74" CC="0000980"/>
						<SP ID="P85_SP00208" HPOS="668" VPOS="1134" WIDTH="29"/>
						<String ID="P85_ST00237" HPOS="697" VPOS="1103" WIDTH="179" HEIGHT="32" CONTENT="Englishman," WC="0.77" CC="32040530600"/>
						<SP ID="P85_SP00209" HPOS="876" VPOS="1135" WIDTH="29"/>
						<String ID="P85_ST00238" HPOS="905" VPOS="1104" WIDTH="41" HEIGHT="24" CONTENT="Sir" WC="0.59" CC="704"/>
					</TextLine>
					<TextLine ID="P85_TL00028" HPOS="76" VPOS="1143" WIDTH="870" HEIGHT="32">
						<String ID="P85_ST00239" HPOS="76" VPOS="1144" WIDTH="104" HEIGHT="24" CONTENT="Walter" WC="1.00" CC="000000"/>
						<SP ID="P85_SP00210" HPOS="180" VPOS="1168" WIDTH="13"/>
						<String ID="P85_ST00240" HPOS="193" VPOS="1144" WIDTH="120" HEIGHT="31" CONTENT="Raleigh," WC="0.85" CC="50000060"/>
						<SP ID="P85_SP00211" HPOS="313" VPOS="1175" WIDTH="15"/>
						<String ID="P85_ST00241" HPOS="328" VPOS="1144" WIDTH="65" HEIGHT="29" CONTENT="who," WC="0.79" CC="0340"/>
						<SP ID="P85_SP00212" HPOS="393" VPOS="1175" WIDTH="15"/>
						<String ID="P85_ST00242" HPOS="408" VPOS="1143" WIDTH="127" HEIGHT="32" CONTENT="although" WC="0.76" CC="00344006"/>
						<SP ID="P85_SP00213" HPOS="535" VPOS="1175" WIDTH="19"/>
						<String ID="P85_ST00243" HPOS="554" VPOS="1147" WIDTH="47" HEIGHT="20" CONTENT="not" WC="0.81" CC="500"/>
						<SP ID="P85_SP00214" HPOS="601" VPOS="1175" WIDTH="19"/>
						<String ID="P85_ST00244" HPOS="620" VPOS="1151" WIDTH="15" HEIGHT="15" CONTENT="a" WC="0.14" CC="8"/>
						<SP ID="P85_SP00215" HPOS="635" VPOS="1175" WIDTH="17"/>
						<String ID="P85_ST00245" HPOS="652" VPOS="1143" WIDTH="75" HEIGHT="24" CONTENT="Kent" WC="0.73" CC="0064"/>
						<SP ID="P85_SP00216" HPOS="727" VPOS="1175" WIDTH="21"/>
						<String ID="P85_ST00246" HPOS="748" VPOS="1152" WIDTH="67" HEIGHT="21" CONTENT="man," WC="0.84" CC="0050"/>
						<SP ID="P85_SP00217" HPOS="815" VPOS="1175" WIDTH="23"/>
						<String ID="P85_ST00247" HPOS="838" VPOS="1144" WIDTH="72" HEIGHT="23" CONTENT="owed" WC="0.75" CC="0900"/>
						<SP ID="P85_SP00218" HPOS="910" VPOS="1175" WIDTH="21"/>
						<String ID="P85_ST00248" HPOS="931" VPOS="1153" WIDTH="15" HEIGHT="14" CONTENT="a" WC="0.01" CC="9"/>
					</TextLine>
					<TextLine ID="P85_TL00029" HPOS="75" VPOS="1183" WIDTH="871" HEIGHT="33">
						<String ID="P85_ST00249" HPOS="75" VPOS="1184" WIDTH="66" HEIGHT="32" CONTENT="good" WC="1.00" CC="0000"/>
						<SP ID="P85_SP00219" HPOS="141" VPOS="1216" WIDTH="19"/>
						<String ID="P85_ST00250" HPOS="160" VPOS="1184" WIDTH="59" HEIGHT="24" CONTENT="deal" WC="0.89" CC="0040"/>
						<SP ID="P85_SP00220" HPOS="219" VPOS="1216" WIDTH="12"/>
						<String ID="P85_ST00251" HPOS="231" VPOS="1184" WIDTH="27" HEIGHT="24" CONTENT="of" WC="0.55" CC="26"/>
						<SP ID="P85_SP00221" HPOS="258" VPOS="1216" WIDTH="13"/>
						<String ID="P85_ST00252" HPOS="271" VPOS="1184" WIDTH="41" HEIGHT="24" CONTENT="his" WC="0.55" CC="507"/>
						<SP ID="P85_SP00222" HPOS="312" VPOS="1216" WIDTH="12"/>
						<String ID="P85_ST00253" HPOS="324" VPOS="1184" WIDTH="115" HEIGHT="32" CONTENT="position" WC="0.79" CC="04303004"/>
						<SP ID="P85_SP00223" HPOS="439" VPOS="1216" WIDTH="12"/>
						<String ID="P85_ST00254" HPOS="451" VPOS="1186" WIDTH="28" HEIGHT="21" CONTENT="to" WC="0.79" CC="40"/>
						<SP ID="P85_SP00224" HPOS="479" VPOS="1216" WIDTH="20"/>
						<String ID="P85_ST00255" HPOS="499" VPOS="1183" WIDTH="40" HEIGHT="24" CONTENT="his" WC="0.64" CC="603"/>
						<SP ID="P85_SP00225" HPOS="539" VPOS="1216" WIDTH="13"/>
						<String ID="P85_ST00256" HPOS="552" VPOS="1183" WIDTH="122" HEIGHT="32" CONTENT="covering" WC="0.87" CC="00703000"/>
						<SP ID="P85_SP00226" HPOS="674" VPOS="1216" WIDTH="13"/>
						<String ID="P85_ST00257" HPOS="687" VPOS="1192" WIDTH="15" HEIGHT="14" CONTENT="a" WC="0.17" CC="8"/>
						<SP ID="P85_SP00227" HPOS="702" VPOS="1216" WIDTH="19"/>
						<String ID="P85_ST00258" HPOS="721" VPOS="1183" WIDTH="113" HEIGHT="24" CONTENT="Kentish" WC="0.66" CC="0056046"/>
						<SP ID="P85_SP00228" HPOS="834" VPOS="1216" WIDTH="15"/>
						<String ID="P85_ST00259" HPOS="849" VPOS="1183" WIDTH="97" HEIGHT="33" CONTENT="puddle" WC="0.76" CC="060600"/>
					</TextLine>
					<TextLine ID="P85_TL00030" HPOS="75" VPOS="1225" WIDTH="214" HEIGHT="22">
						<String ID="P85_ST00260" HPOS="75" VPOS="1225" WIDTH="66" HEIGHT="22" CONTENT="with" WC="0.84" CC="0006"/>
						<SP ID="P85_SP00229" HPOS="141" VPOS="1247" WIDTH="13"/>
						<String ID="P85_ST00261" HPOS="154" VPOS="1225" WIDTH="40" HEIGHT="22" CONTENT="his" WC="0.74" CC="600"/>
						<SP ID="P85_SP00230" HPOS="194" VPOS="1247" WIDTH="14"/>
						<String ID="P85_ST00262" HPOS="208" VPOS="1225" WIDTH="81" HEIGHT="22" CONTENT="cloak." WC="0.99" CC="000000"/>
					</TextLine>
				</TextBlock>
				<TextBlock ID="P85_TB00009" HPOS="74" VPOS="1263" WIDTH="870" HEIGHT="151" STYLEREFS="TXT_0 PAR_LEFT">
					<TextLine ID="P85_TL00031" HPOS="110" VPOS="1263" WIDTH="834" HEIGHT="31">
						<String ID="P85_ST00263" HPOS="110" VPOS="1266" WIDTH="73" HEIGHT="23" CONTENT="Most" WC="0.75" CC="4013"/>
						<SP ID="P85_SP00231" HPOS="183" VPOS="1289" WIDTH="19"/>
						<String ID="P85_ST00264" HPOS="202" VPOS="1266" WIDTH="27" HEIGHT="23" CONTENT="of" WC="0.86" CC="20"/>
						<SP ID="P85_SP00232" HPOS="229" VPOS="1289" WIDTH="22"/>
						<String ID="P85_ST00265" HPOS="251" VPOS="1274" WIDTH="47" HEIGHT="15" CONTENT="our" WC="0.58" CC="235"/>
						<SP ID="P85_SP00233" HPOS="298" VPOS="1289" WIDTH="13"/>
						<String ID="P85_ST00266" HPOS="311" VPOS="1265" WIDTH="52" HEIGHT="23" CONTENT="fine" WC="0.69" CC="1460"/>
						<SP ID="P85_SP00234" HPOS="363" VPOS="1289" WIDTH="12"/>
						<String ID="P85_ST00267" HPOS="375" VPOS="1264" WIDTH="43" HEIGHT="24" CONTENT="old" WC="0.85" CC="400"/>
						<SP ID="P85_SP00235" HPOS="418" VPOS="1289" WIDTH="14"/>
						<String ID="P85_ST00268" HPOS="432" VPOS="1263" WIDTH="116" HEIGHT="25" CONTENT="Kentish" WC="0.69" CC="0066063"/>
						<SP ID="P85_SP00236" HPOS="548" VPOS="1289" WIDTH="19"/>
						<String ID="P85_ST00269" HPOS="567" VPOS="1263" WIDTH="100" HEIGHT="30" CONTENT="houses," WC="0.73" CC="0506060"/>
						<SP ID="P85_SP00237" HPOS="667" VPOS="1293" WIDTH="16"/>
						<String ID="P85_ST00270" HPOS="683" VPOS="1264" WIDTH="61" HEIGHT="24" CONTENT="such" WC="0.75" CC="5004"/>
						<SP ID="P85_SP00238" HPOS="744" VPOS="1293" WIDTH="18"/>
						<String ID="P85_ST00271" HPOS="762" VPOS="1272" WIDTH="27" HEIGHT="16" CONTENT="as" WC="0.90" CC="02"/>
						<SP ID="P85_SP00239" HPOS="789" VPOS="1293" WIDTH="21"/>
						<String ID="P85_ST00272" HPOS="810" VPOS="1264" WIDTH="134" HEIGHT="30" CONTENT="Charlton," WC="0.88" CC="060200001"/>
					</TextLine>
					<TextLine ID="P85_TL00032" HPOS="76" VPOS="1304" WIDTH="868" HEIGHT="33">
						<String ID="P85_ST00273" HPOS="76" VPOS="1306" WIDTH="124" HEIGHT="30" CONTENT="Cobham," WC="0.75" CC="6235000"/>
						<SP ID="P85_SP00240" HPOS="200" VPOS="1336" WIDTH="13"/>
						<String ID="P85_ST00274" HPOS="213" VPOS="1306" WIDTH="95" HEIGHT="27" CONTENT="Knole," WC="0.79" CC="032600"/>
						<SP ID="P85_SP00241" HPOS="308" VPOS="1336" WIDTH="15"/>
						<String ID="P85_ST00275" HPOS="323" VPOS="1305" WIDTH="52" HEIGHT="24" CONTENT="and" WC="0.75" CC="070"/>
						<SP ID="P85_SP00242" HPOS="375" VPOS="1336" WIDTH="14"/>
						<String ID="P85_ST00276" HPOS="389" VPOS="1305" WIDTH="153" HEIGHT="28" CONTENT="Penshurst," WC="0.63" CC="7025640630"/>
						<SP ID="P85_SP00243" HPOS="542" VPOS="1336" WIDTH="14"/>
						<String ID="P85_ST00277" HPOS="556" VPOS="1304" WIDTH="22" HEIGHT="23" CONTENT="if" WC="0.84" CC="30"/>
						<SP ID="P85_SP00244" HPOS="578" VPOS="1336" WIDTH="12"/>
						<String ID="P85_ST00278" HPOS="590" VPOS="1306" WIDTH="47" HEIGHT="21" CONTENT="not" WC="0.70" CC="412"/>
						<SP ID="P85_SP00245" HPOS="637" VPOS="1336" WIDTH="13"/>
						<String ID="P85_ST00279" HPOS="650" VPOS="1305" WIDTH="113" HEIGHT="32" CONTENT="actually" WC="0.87" CC="00500400"/>
						<SP ID="P85_SP00246" HPOS="763" VPOS="1337" WIDTH="12"/>
						<String ID="P85_ST00280" HPOS="775" VPOS="1305" WIDTH="68" HEIGHT="23" CONTENT="built" WC="0.65" CC="06055"/>
						<SP ID="P85_SP00247" HPOS="843" VPOS="1337" WIDTH="12"/>
						<String ID="P85_ST00281" HPOS="855" VPOS="1305" WIDTH="28" HEIGHT="23" CONTENT="in" WC="0.59" CC="34"/>
						<SP ID="P85_SP00248" HPOS="883" VPOS="1337" WIDTH="10"/>
						<String ID="P85_ST00282" HPOS="893" VPOS="1305" WIDTH="51" HEIGHT="24" CONTENT="this" WC="0.65" CC="4017"/>
					</TextLine>
					<TextLine ID="P85_TL00033" HPOS="75" VPOS="1343" WIDTH="869" HEIGHT="36">
						<String ID="P85_ST00283" HPOS="75" VPOS="1347" WIDTH="80" HEIGHT="32" CONTENT="reign," WC="0.92" CC="300000"/>
						<SP ID="P85_SP00249" HPOS="155" VPOS="1379" WIDTH="21"/>
						<String ID="P85_ST00284" HPOS="176" VPOS="1355" WIDTH="43" HEIGHT="16" CONTENT="are" WC="0.82" CC="050"/>
						<SP ID="P85_SP00250" HPOS="219" VPOS="1379" WIDTH="16"/>
						<String ID="P85_ST00285" HPOS="235" VPOS="1345" WIDTH="172" HEIGHT="25" CONTENT="Elizabethan" WC="0.80" CC="02000200096"/>
						<SP ID="P85_SP00251" HPOS="407" VPOS="1379" WIDTH="13"/>
						<String ID="P85_ST00286" HPOS="420" VPOS="1345" WIDTH="28" HEIGHT="23" CONTENT="in" WC="0.75" CC="04"/>
						<SP ID="P85_SP00252" HPOS="448" VPOS="1379" WIDTH="13"/>
						<String ID="P85_ST00287" HPOS="461" VPOS="1344" WIDTH="73" HEIGHT="32" CONTENT="style," WC="0.83" CC="360000"/>
						<SP ID="P85_SP00253" HPOS="534" VPOS="1379" WIDTH="17"/>
						<String ID="P85_ST00288" HPOS="551" VPOS="1343" WIDTH="50" HEIGHT="24" CONTENT="and" WC="0.52" CC="670"/>
						<SP ID="P85_SP00254" HPOS="601" VPOS="1379" WIDTH="11"/>
						<String ID="P85_ST00289" HPOS="612" VPOS="1352" WIDTH="43" HEIGHT="15" CONTENT="are" WC="0.79" CC="060"/>
						<SP ID="P85_SP00255" HPOS="655" VPOS="1379" WIDTH="13"/>
						<String ID="P85_ST00290" HPOS="668" VPOS="1344" WIDTH="142" HEIGHT="25" CONTENT="associated" WC="0.85" CC="0432000400"/>
						<SP ID="P85_SP00256" HPOS="810" VPOS="1379" WIDTH="14"/>
						<String ID="P85_ST00291" HPOS="824" VPOS="1345" WIDTH="64" HEIGHT="24" CONTENT="with" WC="0.74" CC="0054"/>
						<SP ID="P85_SP00257" HPOS="888" VPOS="1379" WIDTH="13"/>
						<String ID="P85_ST00292" HPOS="901" VPOS="1345" WIDTH="43" HEIGHT="24" CONTENT="the" WC="0.58" CC="660"/>
					</TextLine>
					<TextLine ID="P85_TL00034" HPOS="75" VPOS="1383" WIDTH="671" HEIGHT="31">
						<String ID="P85_ST00293" HPOS="75" VPOS="1386" WIDTH="121" HEIGHT="25" CONTENT="brilliant" WC="0.81" CC="630000070"/>
						<SP ID="P85_SP00258" HPOS="196" VPOS="1411" WIDTH="13"/>
						<String ID="P85_ST00294" HPOS="209" VPOS="1386" WIDTH="142" HEIGHT="24" CONTENT="festivities" WC="0.93" CC="00010011300"/>
						<SP ID="P85_SP00259" HPOS="351" VPOS="1411" WIDTH="17"/>
						<String ID="P85_ST00295" HPOS="368" VPOS="1385" WIDTH="27" HEIGHT="24" CONTENT="of" WC="0.55" CC="09"/>
						<SP ID="P85_SP00260" HPOS="395" VPOS="1411" WIDTH="12"/>
						<String ID="P85_ST00296" HPOS="407" VPOS="1385" WIDTH="44" HEIGHT="24" CONTENT="the" WC="1.00" CC="000"/>
						<SP ID="P85_SP00261" HPOS="451" VPOS="1411" WIDTH="16"/>
						<String ID="P85_ST00297" HPOS="467" VPOS="1383" WIDTH="171" HEIGHT="25" CONTENT="Elizabethan" WC="0.70" CC="00369320700"/>
						<SP ID="P85_SP00262" HPOS="638" VPOS="1411" WIDTH="12"/>
						<String ID="P85_ST00298" HPOS="650" VPOS="1384" WIDTH="96" HEIGHT="30" CONTENT="period." WC="0.80" CC="8005000"/>
					</TextLine>
				</TextBlock>
				<TextBlock ID="P85_TB00010" HPOS="832" VPOS="1551" WIDTH="12" HEIGHT="17" STYLEREFS="TXT_2 PAR_RIGHT">
					<TextLine ID="P85_TL00035" HPOS="832" VPOS="1552" WIDTH="12" HEIGHT="16">
						<String ID="P85_ST00299" HPOS="832" VPOS="1552" WIDTH="12" HEIGHT="16" CONTENT="if" WC="0.20" CC="87"/>
					</TextLine>
				</TextBlock>
			</PrintSpace>
		</Page>
	</Layout>
</alto>
