<?xml version="1.0" encoding="UTF-8"?>
<alto xmlns:xsi="http://www.w3.org/2001/XMLSchema-instance" xsi:noNamespaceSchemaLocation="http://www.bl.uk/schemas/alto/alto-1-4.xsd" xmlns:xlink="http://www.w3.org/1999/xlink">
	<Description>
		<MeasurementUnit>mm10</MeasurementUnit>
		<sourceImageInformation>
			<fileName>//head1/IN/2008-21/A0011599490/002619.jp2</fileName>
		</sourceImageInformation>
		<OCRProcessing ID="OCRPROCESSING_1">
			<preProcessingStep>
				<processingSoftware>
					<softwareCreator>CCS Content Conversion Specialists GmbH, Germany</softwareCreator>
					<softwareName>CCS docWORKS</softwareName>
					<softwareVersion>6.1-0.67</softwareVersion>
				</processingSoftware>
			</preProcessingStep>
			<ocrProcessingStep>
				<processingSoftware>
					<softwareCreator>ABBYY (BIT Software), Russia</softwareCreator>
					<softwareName>Finereader</softwareName>
				</processingSoftware>
			</ocrProcessingStep>
		</OCRProcessing>
	</Description>
	<Styles>
		<TextStyle ID="TXT_0" FONTSIZE="11" FONTFAMILY="Courier New"/>
		<TextStyle ID="TXT_1" FONTSIZE="9" FONTFAMILY="Courier New"/>
		<ParagraphStyle ID="PAR_RIGHT" ALIGN="Right"/>
		<ParagraphStyle ID="PAR_CENTER" ALIGN="Center"/>
		<ParagraphStyle ID="PAR_LEFT" ALIGN="Left"/>
	</Styles>
	<Layout>
		<Page ID="P61" PHYSICAL_IMG_NR="61" HEIGHT="1685" WIDTH="1100" PRINTED_IMG_NR="43" POSITION="Right" ACCURACY="74.56">
			<TopMargin ID="P61_TM00001" HPOS="0" VPOS="0" WIDTH="1099" HEIGHT="97">
				<TextBlock ID="P61_TB00001" HPOS="961" VPOS="71" WIDTH="32" HEIGHT="24" STYLEREFS="TXT_0 PAR_RIGHT">
					<TextLine ID="P61_TL00001" HPOS="961" VPOS="71" WIDTH="32" HEIGHT="24">
						<String ID="P61_ST00001" HPOS="961" VPOS="71" WIDTH="32" HEIGHT="24" CONTENT="43" WC="1.00" CC="00"/>
					</TextLine>
				</TextBlock>
				<TextBlock ID="P61_TB00002" HPOS="416" VPOS="77" WIDTH="284" HEIGHT="17" STYLEREFS="TXT_1 PAR_CENTER">
					<TextLine ID="P61_TL00002" HPOS="417" VPOS="77" WIDTH="283" HEIGHT="17">
						<String ID="P61_ST00002" HPOS="417" VPOS="77" WIDTH="53" HEIGHT="17" CONTENT="THE" WC="0.95" CC="010"/>
						<SP ID="P61_SP00001" HPOS="470" VPOS="94" WIDTH="21"/>
						<String ID="P61_ST00003" HPOS="491" VPOS="77" WIDTH="209" HEIGHT="17" CONTENT="PLANTAGENETS." WC="0.77" CC="5609007000000"/>
					</TextLine>
				</TextBlock>
			</TopMargin>
			<LeftMargin ID="P61_LM00001" HPOS="0" VPOS="97" WIDTH="114" HEIGHT="1486"/>
			<RightMargin ID="P61_RM00001" HPOS="993" VPOS="97" WIDTH="106" HEIGHT="1486"/>
			<BottomMargin ID="P61_BM00001" HPOS="0" VPOS="1583" WIDTH="1099" HEIGHT="101"/>
			<PrintSpace ID="P61_PS00001" HPOS="114" VPOS="97" WIDTH="879" HEIGHT="1486">
				<TextBlock ID="P61_TB00003" HPOS="121" VPOS="132" WIDTH="872" HEIGHT="66" STYLEREFS="TXT_1 PAR_LEFT">
					<TextLine ID="P61_TL00003" HPOS="121" VPOS="133" WIDTH="872" HEIGHT="38">
						<String ID="P61_ST00004" HPOS="121" VPOS="133" WIDTH="116" HEIGHT="33" CONTENT="chapter," WC="0.50" CC="06796090"/>
						<SP ID="P61_SP00002" HPOS="237" VPOS="166" WIDTH="15"/>
						<String ID="P61_ST00005" HPOS="252" VPOS="134" WIDTH="65" HEIGHT="26" CONTENT="been" WC="0.96" CC="0001"/>
						<SP ID="P61_SP00003" HPOS="317" VPOS="166" WIDTH="13"/>
						<String ID="P61_ST00006" HPOS="330" VPOS="137" WIDTH="61" HEIGHT="32" CONTENT="long" WC="0.89" CC="2100"/>
						<SP ID="P61_SP00004" HPOS="391" VPOS="169" WIDTH="12"/>
						<String ID="P61_ST00007" HPOS="403" VPOS="138" WIDTH="182" HEIGHT="33" CONTENT="smouldering." WC="0.84" CC="300030004500"/>
						<SP ID="P61_SP00005" HPOS="585" VPOS="171" WIDTH="39"/>
						<String ID="P61_ST00008" HPOS="624" VPOS="138" WIDTH="67" HEIGHT="24" CONTENT="Now" WC="1.00" CC="000"/>
						<SP ID="P61_SP00006" HPOS="691" VPOS="171" WIDTH="13"/>
						<String ID="P61_ST00009" HPOS="704" VPOS="139" WIDTH="22" HEIGHT="23" CONTENT="it" WC="0.70" CC="05"/>
						<SP ID="P61_SP00007" HPOS="726" VPOS="171" WIDTH="12"/>
						<String ID="P61_ST00010" HPOS="738" VPOS="138" WIDTH="76" HEIGHT="24" CONTENT="burst" WC="0.59" CC="66016"/>
						<SP ID="P61_SP00008" HPOS="814" VPOS="171" WIDTH="12"/>
						<String ID="P61_ST00011" HPOS="826" VPOS="139" WIDTH="72" HEIGHT="24" CONTENT="forth" WC="0.75" CC="04313"/>
						<SP ID="P61_SP00009" HPOS="898" VPOS="171" WIDTH="13"/>
						<String ID="P61_ST00012" HPOS="911" VPOS="139" WIDTH="56" HEIGHT="24" CONTENT="into" WC="0.84" CC="0500"/>
						<SP ID="P61_SP00010" HPOS="967" VPOS="171" WIDTH="13"/>
						<String ID="P61_ST00013" HPOS="980" VPOS="149" WIDTH="13" HEIGHT="14" CONTENT="a" WC="1.00" CC="0"/>
					</TextLine>
					<TextLine ID="P61_TL00004" HPOS="121" VPOS="173" WIDTH="79" HEIGHT="25">
						<String ID="P61_ST00014" HPOS="121" VPOS="173" WIDTH="79" HEIGHT="25" CONTENT="blaze." WC="0.75" CC="750020"/>
					</TextLine>
				</TextBlock>
				<TextBlock ID="P61_TB00004" HPOS="119" VPOS="215" WIDTH="874" HEIGHT="112" STYLEREFS="TXT_1 PAR_LEFT">
					<TextLine ID="P61_TL00005" HPOS="157" VPOS="215" WIDTH="836" HEIGHT="34">
						<String ID="P61_ST00015" HPOS="157" VPOS="215" WIDTH="94" HEIGHT="33" CONTENT="Really" WC="0.73" CC="700530"/>
						<SP ID="P61_SP00011" HPOS="251" VPOS="248" WIDTH="14"/>
						<String ID="P61_ST00016" HPOS="265" VPOS="216" WIDTH="44" HEIGHT="24" CONTENT="the" WC="0.74" CC="070"/>
						<SP ID="P61_SP00012" HPOS="309" VPOS="248" WIDTH="14"/>
						<String ID="P61_ST00017" HPOS="323" VPOS="217" WIDTH="134" HEIGHT="32" CONTENT="explosion" WC="0.68" CC="007301338"/>
						<SP ID="P61_SP00013" HPOS="457" VPOS="249" WIDTH="12"/>
						<String ID="P61_ST00018" HPOS="469" VPOS="218" WIDTH="57" HEIGHT="24" CONTENT="first" WC="0.68" CC="33142"/>
						<SP ID="P61_SP00014" HPOS="526" VPOS="249" WIDTH="9"/>
						<String ID="P61_ST00019" HPOS="535" VPOS="218" WIDTH="122" HEIGHT="25" CONTENT="occurred" WC="0.90" CC="00140100"/>
						<SP ID="P61_SP00015" HPOS="657" VPOS="249" WIDTH="11"/>
						<String ID="P61_ST00020" HPOS="668" VPOS="219" WIDTH="28" HEIGHT="24" CONTENT="in" WC="0.58" CC="08"/>
						<SP ID="P61_SP00016" HPOS="696" VPOS="249" WIDTH="13"/>
						<String ID="P61_ST00021" HPOS="709" VPOS="219" WIDTH="88" HEIGHT="30" CONTENT="Essex," WC="0.90" CC="120002"/>
						<SP ID="P61_SP00017" HPOS="797" VPOS="249" WIDTH="13"/>
						<String ID="P61_ST00022" HPOS="810" VPOS="220" WIDTH="84" HEIGHT="24" CONTENT="where" WC="0.80" CC="06003"/>
						<SP ID="P61_SP00018" HPOS="894" VPOS="249" WIDTH="14"/>
						<String ID="P61_ST00023" HPOS="908" VPOS="228" WIDTH="47" HEIGHT="16" CONTENT="one" WC="0.88" CC="110"/>
						<SP ID="P61_SP00019" HPOS="955" VPOS="249" WIDTH="13"/>
						<String ID="P61_ST00024" HPOS="968" VPOS="221" WIDTH="25" HEIGHT="23" CONTENT="of" WC="0.72" CC="05"/>
					</TextLine>
					<TextLine ID="P61_TL00006" HPOS="121" VPOS="255" WIDTH="872" HEIGHT="36">
						<String ID="P61_ST00025" HPOS="121" VPOS="255" WIDTH="46" HEIGHT="24" CONTENT="the" WC="0.68" CC="530"/>
						<SP ID="P61_SP00020" HPOS="167" VPOS="279" WIDTH="19"/>
						<String ID="P61_ST00026" HPOS="186" VPOS="256" WIDTH="134" HEIGHT="25" CONTENT="collectors" WC="0.74" CC="0340005056"/>
						<SP ID="P61_SP00021" HPOS="320" VPOS="281" WIDTH="14"/>
						<String ID="P61_ST00027" HPOS="334" VPOS="257" WIDTH="26" HEIGHT="24" CONTENT="of" WC="1.00" CC="00"/>
						<SP ID="P61_SP00022" HPOS="360" VPOS="281" WIDTH="19"/>
						<String ID="P61_ST00028" HPOS="379" VPOS="258" WIDTH="45" HEIGHT="24" CONTENT="the" WC="0.70" CC="350"/>
						<SP ID="P61_SP00023" HPOS="424" VPOS="282" WIDTH="13"/>
						<String ID="P61_ST00029" HPOS="437" VPOS="258" WIDTH="58" HEIGHT="25" CONTENT="Poll" WC="0.56" CC="6640"/>
						<SP ID="P61_SP00024" HPOS="495" VPOS="283" WIDTH="13"/>
						<String ID="P61_ST00030" HPOS="508" VPOS="259" WIDTH="55" HEIGHT="24" CONTENT="Tax" WC="0.25" CC="669"/>
						<SP ID="P61_SP00025" HPOS="563" VPOS="283" WIDTH="13"/>
						<String ID="P61_ST00031" HPOS="576" VPOS="261" WIDTH="45" HEIGHT="29" CONTENT="got" WC="0.76" CC="025"/>
						<SP ID="P61_SP00026" HPOS="621" VPOS="290" WIDTH="14"/>
						<String ID="P61_ST00032" HPOS="635" VPOS="259" WIDTH="109" HEIGHT="32" CONTENT="roughly" WC="0.63" CC="7005650"/>
						<SP ID="P61_SP00027" HPOS="744" VPOS="291" WIDTH="14"/>
						<String ID="P61_ST00033" HPOS="758" VPOS="260" WIDTH="114" HEIGHT="24" CONTENT="handled" WC="0.63" CC="0558500"/>
						<SP ID="P61_SP00028" HPOS="872" VPOS="291" WIDTH="12"/>
						<String ID="P61_ST00034" HPOS="884" VPOS="261" WIDTH="41" HEIGHT="23" CONTENT="for" WC="0.84" CC="004"/>
						<SP ID="P61_SP00029" HPOS="925" VPOS="291" WIDTH="12"/>
						<String ID="P61_ST00035" HPOS="937" VPOS="261" WIDTH="56" HEIGHT="24" CONTENT="mis" SUBS_TYPE="HypPart1" SUBS_CONTENT="misbehaving" WC="0.80" CC="0060"/>
						<HYP CONTENT="-"/>
					</TextLine>
					<TextLine ID="P61_TL00007" HPOS="120" VPOS="294" WIDTH="871" HEIGHT="33">
						<String ID="P61_ST00036" HPOS="120" VPOS="294" WIDTH="131" HEIGHT="33" CONTENT="behaving" SUBS_TYPE="HypPart2" SUBS_CONTENT="misbehaving" WC="0.76" CC="60600500"/>
						<SP ID="P61_SP00030" HPOS="251" VPOS="327" WIDTH="10"/>
						<String ID="P61_ST00037" HPOS="261" VPOS="297" WIDTH="110" HEIGHT="30" CONTENT="himself," WC="0.71" CC="44330600"/>
						<SP ID="P61_SP00031" HPOS="371" VPOS="327" WIDTH="11"/>
						<String ID="P61_ST00038" HPOS="382" VPOS="298" WIDTH="49" HEIGHT="24" CONTENT="but" WC="0.55" CC="760"/>
						<SP ID="P61_SP00032" HPOS="431" VPOS="327" WIDTH="10"/>
						<String ID="P61_ST00039" HPOS="441" VPOS="299" WIDTH="45" HEIGHT="24" CONTENT="the" WC="0.53" CC="651"/>
						<SP ID="P61_SP00033" HPOS="486" VPOS="327" WIDTH="11"/>
						<String ID="P61_ST00040" HPOS="497" VPOS="308" WIDTH="74" HEIGHT="15" CONTENT="scene" WC="0.86" CC="70000"/>
						<SP ID="P61_SP00034" HPOS="571" VPOS="327" WIDTH="10"/>
						<String ID="P61_ST00041" HPOS="581" VPOS="299" WIDTH="27" HEIGHT="24" CONTENT="of" WC="0.89" CC="02"/>
						<SP ID="P61_SP00035" HPOS="608" VPOS="327" WIDTH="12"/>
						<String ID="P61_ST00042" HPOS="620" VPOS="300" WIDTH="54" HEIGHT="23" CONTENT="real" WC="0.87" CC="5000"/>
						<SP ID="P61_SP00036" HPOS="674" VPOS="327" WIDTH="10"/>
						<String ID="P61_ST00043" HPOS="684" VPOS="299" WIDTH="117" HEIGHT="25" CONTENT="business" WC="0.62" CC="36505206"/>
						<SP ID="P61_SP00037" HPOS="801" VPOS="327" WIDTH="11"/>
						<String ID="P61_ST00044" HPOS="812" VPOS="309" WIDTH="50" HEIGHT="15" CONTENT="was" WC="0.54" CC="903"/>
						<SP ID="P61_SP00038" HPOS="862" VPOS="327" WIDTH="11"/>
						<String ID="P61_ST00045" HPOS="873" VPOS="301" WIDTH="27" HEIGHT="23" CONTENT="in" WC="0.74" CC="05"/>
						<SP ID="P61_SP00039" HPOS="900" VPOS="327" WIDTH="11"/>
						<String ID="P61_ST00046" HPOS="911" VPOS="301" WIDTH="80" HEIGHT="24" CONTENT="Kent." WC="0.78" CC="00370"/>
					</TextLine>
				</TextBlock>
				<TextBlock ID="P61_TB00005" HPOS="116" VPOS="336" WIDTH="876" HEIGHT="470" STYLEREFS="TXT_1 PAR_LEFT">
					<TextLine ID="P61_TL00008" HPOS="157" VPOS="337" WIDTH="835" HEIGHT="35">
						<String ID="P61_ST00047" HPOS="157" VPOS="337" WIDTH="65" HEIGHT="29" CONTENT="Ball," WC="0.52" CC="59061"/>
						<SP ID="P61_SP00040" HPOS="222" VPOS="366" WIDTH="15"/>
						<String ID="P61_ST00048" HPOS="237" VPOS="338" WIDTH="45" HEIGHT="23" CONTENT="the" WC="0.58" CC="570"/>
						<SP ID="P61_SP00041" HPOS="282" VPOS="366" WIDTH="15"/>
						<String ID="P61_ST00049" HPOS="297" VPOS="338" WIDTH="124" HEIGHT="32" CONTENT="preacher" WC="0.83" CC="00000706"/>
						<SP ID="P61_SP00042" HPOS="421" VPOS="370" WIDTH="20"/>
						<String ID="P61_ST00050" HPOS="441" VPOS="339" WIDTH="27" HEIGHT="25" CONTENT="of" WC="0.85" CC="20"/>
						<SP ID="P61_SP00043" HPOS="468" VPOS="370" WIDTH="19"/>
						<String ID="P61_ST00051" HPOS="487" VPOS="340" WIDTH="84" HEIGHT="24" CONTENT="whom" WC="0.73" CC="0540"/>
						<SP ID="P61_SP00044" HPOS="571" VPOS="370" WIDTH="20"/>
						<String ID="P61_ST00052" HPOS="591" VPOS="340" WIDTH="14" HEIGHT="23" CONTENT="I" WC="0.75" CC="2"/>
						<SP ID="P61_SP00045" HPOS="605" VPOS="370" WIDTH="19"/>
						<String ID="P61_ST00053" HPOS="624" VPOS="339" WIDTH="55" HEIGHT="25" CONTENT="told" WC="0.87" CC="4000"/>
						<SP ID="P61_SP00046" HPOS="679" VPOS="370" WIDTH="19"/>
						<String ID="P61_ST00054" HPOS="698" VPOS="349" WIDTH="58" HEIGHT="23" CONTENT="you," WC="0.44" CC="9840"/>
						<SP ID="P61_SP00047" HPOS="756" VPOS="372" WIDTH="16"/>
						<String ID="P61_ST00055" HPOS="772" VPOS="349" WIDTH="51" HEIGHT="15" CONTENT="was" WC="0.98" CC="000"/>
						<SP ID="P61_SP00048" HPOS="823" VPOS="372" WIDTH="14"/>
						<String ID="P61_ST00056" HPOS="837" VPOS="341" WIDTH="155" HEIGHT="31" CONTENT="imprisoned" WC="0.76" CC="2004064400"/>
					</TextLine>
					<TextLine ID="P61_TL00009" HPOS="121" VPOS="377" WIDTH="871" HEIGHT="36">
						<String ID="P61_ST00057" HPOS="121" VPOS="380" WIDTH="28" HEIGHT="20" CONTENT="at" WC="0.67" CC="06"/>
						<SP ID="P61_SP00049" HPOS="149" VPOS="400" WIDTH="14"/>
						<String ID="P61_ST00058" HPOS="163" VPOS="377" WIDTH="174" HEIGHT="33" CONTENT="Canterbury." WC="0.49" CC="69050476590"/>
						<SP ID="P61_SP00050" HPOS="337" VPOS="410" WIDTH="22"/>
						<String ID="P61_ST00059" HPOS="359" VPOS="379" WIDTH="54" HEIGHT="25" CONTENT="The" WC="0.71" CC="800"/>
						<SP ID="P61_SP00051" HPOS="413" VPOS="410" WIDTH="13"/>
						<String ID="P61_ST00060" HPOS="426" VPOS="380" WIDTH="76" HEIGHT="24" CONTENT="Kent" WC="0.86" CC="0014"/>
						<SP ID="P61_SP00052" HPOS="502" VPOS="410" WIDTH="11"/>
						<String ID="P61_ST00061" HPOS="513" VPOS="388" WIDTH="61" HEIGHT="16" CONTENT="men" WC="0.99" CC="000"/>
						<SP ID="P61_SP00053" HPOS="574" VPOS="410" WIDTH="13"/>
						<String ID="P61_ST00062" HPOS="587" VPOS="380" WIDTH="114" HEIGHT="24" CONTENT="released" WC="0.85" CC="50000600"/>
						<SP ID="P61_SP00054" HPOS="701" VPOS="410" WIDTH="13"/>
						<String ID="P61_ST00063" HPOS="714" VPOS="381" WIDTH="61" HEIGHT="29" CONTENT="him," WC="0.71" CC="6401"/>
						<SP ID="P61_SP00055" HPOS="775" VPOS="410" WIDTH="10"/>
						<String ID="P61_ST00064" HPOS="785" VPOS="381" WIDTH="53" HEIGHT="23" CONTENT="and" WC="0.61" CC="460"/>
						<SP ID="P61_SP00056" HPOS="838" VPOS="410" WIDTH="12"/>
						<String ID="P61_ST00065" HPOS="850" VPOS="382" WIDTH="142" HEIGHT="31" CONTENT="plundered" WC="0.84" CC="000070500"/>
					</TextLine>
					<TextLine ID="P61_TL00010" HPOS="121" VPOS="418" WIDTH="871" HEIGHT="35">
						<String ID="P61_ST00066" HPOS="121" VPOS="418" WIDTH="46" HEIGHT="24" CONTENT="the" WC="0.55" CC="551"/>
						<SP ID="P61_SP00057" HPOS="167" VPOS="442" WIDTH="14"/>
						<String ID="P61_ST00067" HPOS="181" VPOS="418" WIDTH="189" HEIGHT="33" CONTENT="Archbishop's" WC="0.65" CC="090670360007"/>
						<SP ID="P61_SP00058" HPOS="370" VPOS="451" WIDTH="13"/>
						<String ID="P61_ST00068" HPOS="383" VPOS="421" WIDTH="88" HEIGHT="31" CONTENT="palace" WC="0.84" CC="080010"/>
						<String ID="P61_ST00069" HPOS="475" VPOS="435" WIDTH="32" HEIGHT="2" CONTENT="—" WC="0.20" CC="8"/>
						<String ID="P61_ST00070" HPOS="508" VPOS="429" WIDTH="49" HEIGHT="15" CONTENT="one" WC="1.00" CC="000"/>
						<SP ID="P61_SP00059" HPOS="557" VPOS="452" WIDTH="19"/>
						<String ID="P61_ST00071" HPOS="576" VPOS="421" WIDTH="27" HEIGHT="23" CONTENT="of" WC="1.00" CC="00"/>
						<SP ID="P61_SP00060" HPOS="603" VPOS="452" WIDTH="18"/>
						<String ID="P61_ST00072" HPOS="621" VPOS="421" WIDTH="75" HEIGHT="23" CONTENT="those" WC="0.71" CC="07070"/>
						<SP ID="P61_SP00061" HPOS="696" VPOS="452" WIDTH="13"/>
						<String ID="P61_ST00073" HPOS="709" VPOS="421" WIDTH="95" HEIGHT="32" CONTENT="stupid," WC="0.78" CC="2320600"/>
						<SP ID="P61_SP00062" HPOS="804" VPOS="453" WIDTH="16"/>
						<String ID="P61_ST00074" HPOS="820" VPOS="424" WIDTH="106" HEIGHT="22" CONTENT="wanton" WC="0.69" CC="000737"/>
						<SP ID="P61_SP00063" HPOS="926" VPOS="453" WIDTH="13"/>
						<String ID="P61_ST00075" HPOS="939" VPOS="425" WIDTH="53" HEIGHT="21" CONTENT="acts" WC="0.81" CC="0042"/>
					</TextLine>
					<TextLine ID="P61_TL00011" HPOS="120" VPOS="458" WIDTH="872" HEIGHT="36">
						<String ID="P61_ST00076" HPOS="120" VPOS="458" WIDTH="36" HEIGHT="33" CONTENT="by" WC="0.50" CC="09"/>
						<SP ID="P61_SP00064" HPOS="156" VPOS="491" WIDTH="21"/>
						<String ID="P61_ST00077" HPOS="177" VPOS="459" WIDTH="86" HEIGHT="24" CONTENT="which" WC="0.58" CC="97003"/>
						<SP ID="P61_SP00065" HPOS="263" VPOS="491" WIDTH="18"/>
						<String ID="P61_ST00078" HPOS="281" VPOS="459" WIDTH="74" HEIGHT="25" CONTENT="mobs" WC="0.66" CC="0066"/>
						<SP ID="P61_SP00066" HPOS="355" VPOS="491" WIDTH="25"/>
						<String ID="P61_ST00079" HPOS="380" VPOS="460" WIDTH="67" HEIGHT="24" CONTENT="have" WC="0.81" CC="4002"/>
						<SP ID="P61_SP00067" HPOS="447" VPOS="491" WIDTH="24"/>
						<String ID="P61_ST00080" HPOS="471" VPOS="470" WIDTH="28" HEIGHT="15" CONTENT="so" WC="0.81" CC="30"/>
						<SP ID="P61_SP00068" HPOS="499" VPOS="491" WIDTH="25"/>
						<String ID="P61_ST00081" HPOS="524" VPOS="461" WIDTH="73" HEIGHT="25" CONTENT="often" WC="0.76" CC="00505"/>
						<SP ID="P61_SP00069" HPOS="597" VPOS="491" WIDTH="24"/>
						<String ID="P61_ST00082" HPOS="621" VPOS="461" WIDTH="75" HEIGHT="25" CONTENT="made" WC="1.00" CC="0000"/>
						<SP ID="P61_SP00070" HPOS="696" VPOS="491" WIDTH="25"/>
						<String ID="P61_ST00083" HPOS="721" VPOS="463" WIDTH="111" HEIGHT="23" CONTENT="enemies" WC="0.92" CC="0003002"/>
						<SP ID="P61_SP00071" HPOS="832" VPOS="491" WIDTH="24"/>
						<String ID="P61_ST00084" HPOS="856" VPOS="462" WIDTH="27" HEIGHT="24" CONTENT="of" WC="0.80" CC="40"/>
						<SP ID="P61_SP00072" HPOS="883" VPOS="491" WIDTH="22"/>
						<String ID="P61_ST00085" HPOS="905" VPOS="463" WIDTH="87" HEIGHT="31" CONTENT="people" WC="0.94" CC="003000"/>
					</TextLine>
					<TextLine ID="P61_TL00012" HPOS="121" VPOS="499" WIDTH="871" HEIGHT="36">
						<String ID="P61_ST00086" HPOS="121" VPOS="499" WIDTH="58" HEIGHT="24" CONTENT="who" WC="0.29" CC="964"/>
						<SP ID="P61_SP00073" HPOS="179" VPOS="523" WIDTH="23"/>
						<String ID="P61_ST00087" HPOS="202" VPOS="500" WIDTH="161" HEIGHT="32" CONTENT="sympathise" WC="0.80" CC="1000425041"/>
						<SP ID="P61_SP00074" HPOS="363" VPOS="532" WIDTH="25"/>
						<String ID="P61_ST00088" HPOS="388" VPOS="501" WIDTH="65" HEIGHT="24" CONTENT="with" WC="0.61" CC="0257"/>
						<SP ID="P61_SP00075" HPOS="453" VPOS="532" WIDTH="17"/>
						<String ID="P61_ST00089" HPOS="470" VPOS="502" WIDTH="72" HEIGHT="24" CONTENT="them" WC="0.83" CC="0600"/>
						<SP ID="P61_SP00076" HPOS="542" VPOS="532" WIDTH="19"/>
						<String ID="P61_ST00090" HPOS="561" VPOS="502" WIDTH="53" HEIGHT="24" CONTENT="and" WC="1.00" CC="000"/>
						<SP ID="P61_SP00077" HPOS="614" VPOS="532" WIDTH="19"/>
						<String ID="P61_ST00091" HPOS="633" VPOS="503" WIDTH="85" HEIGHT="23" CONTENT="would" WC="0.77" CC="90100"/>
						<SP ID="P61_SP00078" HPOS="718" VPOS="532" WIDTH="20"/>
						<String ID="P61_ST00092" HPOS="738" VPOS="504" WIDTH="59" HEIGHT="31" CONTENT="help" WC="0.73" CC="6040"/>
						<SP ID="P61_SP00079" HPOS="797" VPOS="535" WIDTH="20"/>
						<String ID="P61_ST00093" HPOS="817" VPOS="503" WIDTH="77" HEIGHT="24" CONTENT="them." WC="0.79" CC="24011"/>
						<SP ID="P61_SP00080" HPOS="894" VPOS="535" WIDTH="43"/>
						<String ID="P61_ST00094" HPOS="937" VPOS="503" WIDTH="55" HEIGHT="23" CONTENT="One" WC="0.76" CC="420"/>
					</TextLine>
					<TextLine ID="P61_TL00013" HPOS="120" VPOS="539" WIDTH="872" HEIGHT="36">
						<String ID="P61_ST00095" HPOS="120" VPOS="539" WIDTH="122" HEIGHT="25" CONTENT="hundred" WC="0.81" CC="7000500"/>
						<SP ID="P61_SP00081" HPOS="242" VPOS="564" WIDTH="25"/>
						<String ID="P61_ST00096" HPOS="267" VPOS="541" WIDTH="131" HEIGHT="24" CONTENT="thousand" WC="0.54" CC="57026960"/>
						<SP ID="P61_SP00082" HPOS="398" VPOS="565" WIDTH="27"/>
						<String ID="P61_ST00097" HPOS="425" VPOS="550" WIDTH="59" HEIGHT="15" CONTENT="men" WC="0.73" CC="008"/>
						<SP ID="P61_SP00083" HPOS="484" VPOS="565" WIDTH="30"/>
						<String ID="P61_ST00098" HPOS="514" VPOS="542" WIDTH="126" HEIGHT="33" CONTENT="gathered" WC="0.87" CC="00360000"/>
						<SP ID="P61_SP00084" HPOS="640" VPOS="575" WIDTH="25"/>
						<String ID="P61_ST00099" HPOS="665" VPOS="543" WIDTH="84" HEIGHT="25" CONTENT="round" WC="0.62" CC="40770"/>
						<SP ID="P61_SP00085" HPOS="749" VPOS="575" WIDTH="24"/>
						<String ID="P61_ST00100" HPOS="773" VPOS="543" WIDTH="65" HEIGHT="24" CONTENT="Wat" WC="0.83" CC="005"/>
						<SP ID="P61_SP00086" HPOS="838" VPOS="575" WIDTH="21"/>
						<String ID="P61_ST00101" HPOS="859" VPOS="544" WIDTH="77" HEIGHT="31" CONTENT="Tyler" WC="0.68" CC="09060"/>
						<SP ID="P61_SP00087" HPOS="936" VPOS="575" WIDTH="25"/>
						<String ID="P61_ST00102" HPOS="961" VPOS="552" WIDTH="31" HEIGHT="15" CONTENT="on" WC="0.57" CC="08"/>
					</TextLine>
					<TextLine ID="P61_TL00014" HPOS="121" VPOS="580" WIDTH="871" HEIGHT="34">
						<String ID="P61_ST00103" HPOS="121" VPOS="580" WIDTH="172" HEIGHT="30" CONTENT="Blackheath," WC="0.77" CC="66000600120"/>
						<SP ID="P61_SP00088" HPOS="293" VPOS="610" WIDTH="27"/>
						<String ID="P61_ST00104" HPOS="320" VPOS="581" WIDTH="140" HEIGHT="33" CONTENT="intending" WC="0.83" CC="055030000"/>
						<SP ID="P61_SP00089" HPOS="460" VPOS="614" WIDTH="20"/>
						<String ID="P61_ST00105" HPOS="480" VPOS="585" WIDTH="27" HEIGHT="21" CONTENT="to" WC="0.71" CC="50"/>
						<SP ID="P61_SP00090" HPOS="507" VPOS="614" WIDTH="18"/>
						<String ID="P61_ST00106" HPOS="525" VPOS="583" WIDTH="89" HEIGHT="23" CONTENT="march" WC="0.68" CC="20606"/>
						<SP ID="P61_SP00091" HPOS="614" VPOS="614" WIDTH="20"/>
						<String ID="P61_ST00107" HPOS="634" VPOS="592" WIDTH="33" HEIGHT="15" CONTENT="on" WC="1.00" CC="00"/>
						<SP ID="P61_SP00092" HPOS="667" VPOS="614" WIDTH="19"/>
						<String ID="P61_ST00108" HPOS="686" VPOS="586" WIDTH="27" HEIGHT="22" CONTENT="to" WC="0.74" CC="13"/>
						<SP ID="P61_SP00093" HPOS="713" VPOS="614" WIDTH="26"/>
						<String ID="P61_ST00109" HPOS="739" VPOS="584" WIDTH="115" HEIGHT="24" CONTENT="London." WC="0.94" CC="1020000"/>
						<SP ID="P61_SP00094" HPOS="854" VPOS="614" WIDTH="39"/>
						<String ID="P61_ST00110" HPOS="893" VPOS="584" WIDTH="99" HEIGHT="23" CONTENT="Whilst" WC="0.73" CC="003056"/>
					</TextLine>
					<TextLine ID="P61_TL00015" HPOS="121" VPOS="620" WIDTH="871" HEIGHT="33">
						<String ID="P61_ST00111" HPOS="121" VPOS="620" WIDTH="63" HEIGHT="33" CONTENT="they" WC="0.54" CC="5309"/>
						<SP ID="P61_SP00095" HPOS="184" VPOS="653" WIDTH="9"/>
						<String ID="P61_ST00112" HPOS="193" VPOS="630" WIDTH="67" HEIGHT="15" CONTENT="were" WC="0.96" CC="0010"/>
						<SP ID="P61_SP00096" HPOS="260" VPOS="653" WIDTH="13"/>
						<String ID="P61_ST00113" HPOS="273" VPOS="622" WIDTH="142" HEIGHT="31" CONTENT="encamped" WC="0.91" CC="05100000"/>
						<SP ID="P61_SP00097" HPOS="415" VPOS="653" WIDTH="13"/>
						<String ID="P61_ST00114" HPOS="428" VPOS="622" WIDTH="74" HEIGHT="25" CONTENT="there" WC="0.73" CC="52050"/>
						<SP ID="P61_SP00098" HPOS="502" VPOS="653" WIDTH="13"/>
						<String ID="P61_ST00115" HPOS="515" VPOS="623" WIDTH="45" HEIGHT="24" CONTENT="the" WC="0.66" CC="270"/>
						<SP ID="P61_SP00099" HPOS="560" VPOS="653" WIDTH="11"/>
						<String ID="P61_ST00116" HPOS="571" VPOS="623" WIDTH="119" HEIGHT="24" CONTENT="Princess" WC="0.79" CC="70310040"/>
						<SP ID="P61_SP00100" HPOS="690" VPOS="653" WIDTH="13"/>
						<String ID="P61_ST00117" HPOS="703" VPOS="624" WIDTH="27" HEIGHT="23" CONTENT="of" WC="0.98" CC="00"/>
						<SP ID="P61_SP00101" HPOS="730" VPOS="653" WIDTH="13"/>
						<String ID="P61_ST00118" HPOS="743" VPOS="624" WIDTH="96" HEIGHT="29" CONTENT="Wales," WC="0.83" CC="090000"/>
						<SP ID="P61_SP00102" HPOS="839" VPOS="653" WIDTH="14"/>
						<String ID="P61_ST00119" HPOS="853" VPOS="624" WIDTH="102" HEIGHT="23" CONTENT="mother" WC="0.64" CC="805303"/>
						<SP ID="P61_SP00103" HPOS="955" VPOS="653" WIDTH="12"/>
						<String ID="P61_ST00120" HPOS="967" VPOS="624" WIDTH="25" HEIGHT="23" CONTENT="of" WC="0.50" CC="09"/>
					</TextLine>
					<TextLine ID="P61_TL00016" HPOS="119" VPOS="661" WIDTH="873" HEIGHT="35">
						<String ID="P61_ST00121" HPOS="119" VPOS="661" WIDTH="46" HEIGHT="24" CONTENT="the" WC="0.78" CC="060"/>
						<SP ID="P61_SP00104" HPOS="165" VPOS="685" WIDTH="12"/>
						<String ID="P61_ST00122" HPOS="177" VPOS="669" WIDTH="89" HEIGHT="24" CONTENT="young" WC="1.00" CC="00000"/>
						<SP ID="P61_SP00105" HPOS="266" VPOS="693" WIDTH="12"/>
						<String ID="P61_ST00123" HPOS="278" VPOS="662" WIDTH="72" HEIGHT="32" CONTENT="king," WC="0.66" CC="06504"/>
						<SP ID="P61_SP00106" HPOS="350" VPOS="694" WIDTH="12"/>
						<String ID="P61_ST00124" HPOS="362" VPOS="662" WIDTH="135" HEIGHT="32" CONTENT="happened" WC="0.82" CC="39001000"/>
						<SP ID="P61_SP00107" HPOS="497" VPOS="694" WIDTH="10"/>
						<String ID="P61_ST00125" HPOS="507" VPOS="665" WIDTH="27" HEIGHT="21" CONTENT="to" WC="0.95" CC="10"/>
						<SP ID="P61_SP00108" HPOS="534" VPOS="694" WIDTH="13"/>
						<String ID="P61_ST00126" HPOS="547" VPOS="663" WIDTH="32" HEIGHT="24" CONTENT="be" WC="0.88" CC="02"/>
						<SP ID="P61_SP00109" HPOS="579" VPOS="694" WIDTH="11"/>
						<String ID="P61_ST00127" HPOS="590" VPOS="664" WIDTH="136" HEIGHT="32" CONTENT="returning" WC="0.70" CC="503507040"/>
						<SP ID="P61_SP00110" HPOS="726" VPOS="696" WIDTH="13"/>
						<String ID="P61_ST00128" HPOS="739" VPOS="664" WIDTH="66" HEIGHT="23" CONTENT="from" WC="0.86" CC="0220"/>
						<SP ID="P61_SP00111" HPOS="805" VPOS="696" WIDTH="13"/>
						<String ID="P61_ST00129" HPOS="818" VPOS="673" WIDTH="16" HEIGHT="14" CONTENT="a" WC="1.00" CC="0"/>
						<SP ID="P61_SP00112" HPOS="834" VPOS="696" WIDTH="9"/>
						<String ID="P61_ST00130" HPOS="843" VPOS="664" WIDTH="149" HEIGHT="32" CONTENT="pilgrimage" WC="0.67" CC="0160035690"/>
					</TextLine>
					<TextLine ID="P61_TL00017" HPOS="120" VPOS="702" WIDTH="871" HEIGHT="32">
						<String ID="P61_ST00131" HPOS="120" VPOS="704" WIDTH="28" HEIGHT="21" CONTENT="to" WC="0.73" CC="05"/>
						<SP ID="P61_SP00113" HPOS="148" VPOS="725" WIDTH="20"/>
						<String ID="P61_ST00132" HPOS="168" VPOS="702" WIDTH="174" HEIGHT="32" CONTENT="Canterbury," WC="0.66" CC="79340061200"/>
						<SP ID="P61_SP00114" HPOS="342" VPOS="734" WIDTH="15"/>
						<String ID="P61_ST00133" HPOS="357" VPOS="702" WIDTH="50" HEIGHT="24" CONTENT="but" WC="0.40" CC="619"/>
						<SP ID="P61_SP00115" HPOS="407" VPOS="734" WIDTH="19"/>
						<String ID="P61_ST00134" HPOS="426" VPOS="702" WIDTH="46" HEIGHT="25" CONTENT="the" WC="0.78" CC="330"/>
						<SP ID="P61_SP00116" HPOS="472" VPOS="734" WIDTH="20"/>
						<String ID="P61_ST00135" HPOS="492" VPOS="702" WIDTH="60" HEIGHT="25" CONTENT="mob" WC="0.75" CC="007"/>
						<SP ID="P61_SP00117" HPOS="552" VPOS="734" WIDTH="20"/>
						<String ID="P61_ST00136" HPOS="572" VPOS="703" WIDTH="46" HEIGHT="24" CONTENT="did" WC="1.00" CC="000"/>
						<SP ID="P61_SP00118" HPOS="618" VPOS="734" WIDTH="22"/>
						<String ID="P61_ST00137" HPOS="640" VPOS="707" WIDTH="46" HEIGHT="21" CONTENT="not" WC="0.87" CC="003"/>
						<SP ID="P61_SP00119" HPOS="686" VPOS="734" WIDTH="21"/>
						<String ID="P61_ST00138" HPOS="707" VPOS="704" WIDTH="125" HEIGHT="24" CONTENT="interfere" WC="0.87" CC="003000043"/>
						<SP ID="P61_SP00120" HPOS="832" VPOS="734" WIDTH="22"/>
						<String ID="P61_ST00139" HPOS="854" VPOS="704" WIDTH="64" HEIGHT="23" CONTENT="with" WC="0.85" CC="0005"/>
						<SP ID="P61_SP00121" HPOS="918" VPOS="734" WIDTH="21"/>
						<String ID="P61_ST00140" HPOS="939" VPOS="703" WIDTH="52" HEIGHT="30" CONTENT="her," WC="0.72" CC="5050"/>
					</TextLine>
					<TextLine ID="P61_TL00018" HPOS="117" VPOS="742" WIDTH="874" HEIGHT="34">
						<String ID="P61_ST00141" HPOS="117" VPOS="742" WIDTH="128" HEIGHT="32" CONTENT="although" WC="0.76" CC="00560006"/>
						<SP ID="P61_SP00122" HPOS="245" VPOS="774" WIDTH="13"/>
						<String ID="P61_ST00142" HPOS="258" VPOS="743" WIDTH="22" HEIGHT="23" CONTENT="it" WC="0.45" CC="37"/>
						<SP ID="P61_SP00123" HPOS="280" VPOS="774" WIDTH="13"/>
						<String ID="P61_ST00143" HPOS="293" VPOS="743" WIDTH="22" HEIGHT="24" CONTENT="is" WC="0.66" CC="06"/>
						<SP ID="P61_SP00124" HPOS="315" VPOS="774" WIDTH="13"/>
						<String ID="P61_ST00144" HPOS="328" VPOS="742" WIDTH="56" HEIGHT="25" CONTENT="said" WC="0.54" CC="6740"/>
						<SP ID="P61_SP00125" HPOS="384" VPOS="774" WIDTH="13"/>
						<String ID="P61_ST00145" HPOS="397" VPOS="752" WIDTH="48" HEIGHT="15" CONTENT="one" WC="0.52" CC="670"/>
						<SP ID="P61_SP00126" HPOS="445" VPOS="774" WIDTH="13"/>
						<String ID="P61_ST00146" HPOS="458" VPOS="752" WIDTH="61" HEIGHT="15" CONTENT="man" WC="0.66" CC="405"/>
						<SP ID="P61_SP00127" HPOS="519" VPOS="774" WIDTH="12"/>
						<String ID="P61_ST00147" HPOS="531" VPOS="744" WIDTH="80" HEIGHT="24" CONTENT="asked" WC="0.54" CC="96006"/>
						<SP ID="P61_SP00128" HPOS="611" VPOS="774" WIDTH="10"/>
						<String ID="P61_ST00148" HPOS="621" VPOS="744" WIDTH="47" HEIGHT="24" CONTENT="her" WC="0.75" CC="700"/>
						<SP ID="P61_SP00129" HPOS="668" VPOS="774" WIDTH="12"/>
						<String ID="P61_ST00149" HPOS="680" VPOS="746" WIDTH="28" HEIGHT="22" CONTENT="to" WC="0.81" CC="30"/>
						<SP ID="P61_SP00130" HPOS="708" VPOS="774" WIDTH="8"/>
						<String ID="P61_ST00150" HPOS="716" VPOS="745" WIDTH="58" HEIGHT="31" CONTENT="give" WC="0.89" CC="0400"/>
						<SP ID="P61_SP00131" HPOS="774" VPOS="776" WIDTH="9"/>
						<String ID="P61_ST00151" HPOS="783" VPOS="744" WIDTH="53" HEIGHT="25" CONTENT="him" WC="0.83" CC="400"/>
						<SP ID="P61_SP00132" HPOS="836" VPOS="776" WIDTH="10"/>
						<String ID="P61_ST00152" HPOS="846" VPOS="753" WIDTH="15" HEIGHT="15" CONTENT="a" WC="0.01" CC="9"/>
						<SP ID="P61_SP00133" HPOS="861" VPOS="776" WIDTH="8"/>
						<String ID="P61_ST00153" HPOS="869" VPOS="745" WIDTH="60" HEIGHT="29" CONTENT="kiss," WC="0.76" CC="00470"/>
						<SP ID="P61_SP00134" HPOS="929" VPOS="776" WIDTH="12"/>
						<String ID="P61_ST00154" HPOS="941" VPOS="743" WIDTH="50" HEIGHT="25" CONTENT="and" WC="0.56" CC="075"/>
					</TextLine>
					<TextLine ID="P61_TL00019" HPOS="119" VPOS="783" WIDTH="183" HEIGHT="23">
						<String ID="P61_ST00155" HPOS="119" VPOS="783" WIDTH="45" HEIGHT="23" CONTENT="she" WC="0.57" CC="660"/>
						<SP ID="P61_SP00135" HPOS="164" VPOS="806" WIDTH="13"/>
						<String ID="P61_ST00156" HPOS="177" VPOS="786" WIDTH="71" HEIGHT="20" CONTENT="went" WC="0.75" CC="0207"/>
						<SP ID="P61_SP00136" HPOS="248" VPOS="806" WIDTH="14"/>
						<String ID="P61_ST00157" HPOS="262" VPOS="791" WIDTH="40" HEIGHT="15" CONTENT="on." WC="0.96" CC="100"/>
					</TextLine>
				</TextBlock>
				<TextBlock ID="P61_TB00006" HPOS="115" VPOS="823" WIDTH="876" HEIGHT="395" STYLEREFS="TXT_1 PAR_LEFT">
					<TextLine ID="P61_TL00020" HPOS="154" VPOS="824" WIDTH="837" HEIGHT="32">
						<String ID="P61_ST00158" HPOS="154" VPOS="824" WIDTH="66" HEIGHT="23" CONTENT="Wat" WC="0.64" CC="046"/>
						<SP ID="P61_SP00137" HPOS="220" VPOS="847" WIDTH="18"/>
						<String ID="P61_ST00159" HPOS="238" VPOS="824" WIDTH="78" HEIGHT="32" CONTENT="Tyler" WC="0.77" CC="09001"/>
						<SP ID="P61_SP00138" HPOS="316" VPOS="856" WIDTH="22"/>
						<String ID="P61_ST00160" HPOS="338" VPOS="824" WIDTH="52" HEIGHT="23" CONTENT="and" WC="0.86" CC="040"/>
						<SP ID="P61_SP00139" HPOS="390" VPOS="856" WIDTH="18"/>
						<String ID="P61_ST00161" HPOS="408" VPOS="824" WIDTH="41" HEIGHT="23" CONTENT="his" WC="0.81" CC="500"/>
						<SP ID="P61_SP00140" HPOS="449" VPOS="856" WIDTH="20"/>
						<String ID="P61_ST00162" HPOS="469" VPOS="833" WIDTH="61" HEIGHT="15" CONTENT="men" WC="0.99" CC="000"/>
						<SP ID="P61_SP00141" HPOS="530" VPOS="856" WIDTH="16"/>
						<String ID="P61_ST00163" HPOS="546" VPOS="824" WIDTH="122" HEIGHT="25" CONTENT="marched" WC="0.68" CC="8060600"/>
						<SP ID="P61_SP00142" HPOS="668" VPOS="856" WIDTH="19"/>
						<String ID="P61_ST00164" HPOS="687" VPOS="833" WIDTH="35" HEIGHT="15" CONTENT="on" WC="0.34" CC="57"/>
						<SP ID="P61_SP00143" HPOS="722" VPOS="856" WIDTH="18"/>
						<String ID="P61_ST00165" HPOS="740" VPOS="824" WIDTH="116" HEIGHT="30" CONTENT="London," WC="0.69" CC="4157002"/>
						<SP ID="P61_SP00144" HPOS="856" VPOS="856" WIDTH="22"/>
						<String ID="P61_ST00166" HPOS="878" VPOS="824" WIDTH="50" HEIGHT="24" CONTENT="and" WC="0.56" CC="930"/>
						<SP ID="P61_SP00145" HPOS="928" VPOS="856" WIDTH="20"/>
						<String ID="P61_ST00167" HPOS="948" VPOS="824" WIDTH="43" HEIGHT="24" CONTENT="the" WC="0.67" CC="360"/>
					</TextLine>
					<TextLine ID="P61_TL00021" HPOS="118" VPOS="863" WIDTH="870" HEIGHT="34">
						<String ID="P61_ST00168" HPOS="118" VPOS="864" WIDTH="119" HEIGHT="32" CONTENT="example" WC="0.95" CC="0030000"/>
						<SP ID="P61_SP00146" HPOS="237" VPOS="896" WIDTH="27"/>
						<String ID="P61_ST00169" HPOS="264" VPOS="868" WIDTH="39" HEIGHT="20" CONTENT="set" WC="0.95" CC="100"/>
						<SP ID="P61_SP00147" HPOS="303" VPOS="896" WIDTH="25"/>
						<String ID="P61_ST00170" HPOS="328" VPOS="863" WIDTH="36" HEIGHT="33" CONTENT="by" WC="1.00" CC="00"/>
						<SP ID="P61_SP00148" HPOS="364" VPOS="896" WIDTH="25"/>
						<String ID="P61_ST00171" HPOS="389" VPOS="864" WIDTH="75" HEIGHT="24" CONTENT="Kent" WC="0.84" CC="0015"/>
						<SP ID="P61_SP00149" HPOS="464" VPOS="896" WIDTH="18"/>
						<String ID="P61_ST00172" HPOS="482" VPOS="873" WIDTH="53" HEIGHT="16" CONTENT="wtas" WC="0.71" CC="0703"/>
						<SP ID="P61_SP00150" HPOS="535" VPOS="896" WIDTH="16"/>
						<String ID="P61_ST00173" HPOS="551" VPOS="865" WIDTH="121" HEIGHT="24" CONTENT="followed" WC="0.79" CC="06000900"/>
						<SP ID="P61_SP00151" HPOS="672" VPOS="896" WIDTH="19"/>
						<String ID="P61_ST00174" HPOS="691" VPOS="865" WIDTH="34" HEIGHT="32" CONTENT="by" WC="1.00" CC="00"/>
						<SP ID="P61_SP00152" HPOS="725" VPOS="897" WIDTH="20"/>
						<String ID="P61_ST00175" HPOS="745" VPOS="865" WIDTH="119" HEIGHT="30" CONTENT="Norfolk," WC="0.62" CC="05770601"/>
						<SP ID="P61_SP00153" HPOS="864" VPOS="897" WIDTH="16"/>
						<String ID="P61_ST00176" HPOS="880" VPOS="864" WIDTH="108" HEIGHT="30" CONTENT="Suffolk," WC="0.77" CC="70004302"/>
					</TextLine>
					<TextLine ID="P61_TL00022" HPOS="118" VPOS="904" WIDTH="872" HEIGHT="33">
						<String ID="P61_ST00177" HPOS="118" VPOS="904" WIDTH="235" HEIGHT="32" CONTENT="Cambridgeshire," WC="0.53" CC="599773000574503"/>
						<SP ID="P61_SP00154" HPOS="353" VPOS="936" WIDTH="22"/>
						<String ID="P61_ST00178" HPOS="375" VPOS="904" WIDTH="209" HEIGHT="30" CONTENT="Hertfordshire," WC="0.70" CC="50440560750200"/>
						<SP ID="P61_SP00155" HPOS="584" VPOS="936" WIDTH="23"/>
						<String ID="P61_ST00179" HPOS="607" VPOS="905" WIDTH="188" HEIGHT="29" CONTENT="Lincolnshire," WC="0.84" CC="0200260052000"/>
						<SP ID="P61_SP00156" HPOS="795" VPOS="936" WIDTH="22"/>
						<String ID="P61_ST00180" HPOS="817" VPOS="905" WIDTH="103" HEIGHT="32" CONTENT="Surrey," WC="0.74" CC="7505000"/>
						<SP ID="P61_SP00157" HPOS="920" VPOS="937" WIDTH="19"/>
						<String ID="P61_ST00181" HPOS="939" VPOS="904" WIDTH="51" HEIGHT="24" CONTENT="and" WC="1.00" CC="000"/>
					</TextLine>
					<TextLine ID="P61_TL00023" HPOS="118" VPOS="945" WIDTH="870" HEIGHT="32">
						<String ID="P61_ST00182" HPOS="118" VPOS="945" WIDTH="103" HEIGHT="29" CONTENT="Sussex," WC="0.58" CC="7666300"/>
						<SP ID="P61_SP00158" HPOS="221" VPOS="974" WIDTH="24"/>
						<String ID="P61_ST00183" HPOS="245" VPOS="945" WIDTH="29" HEIGHT="23" CONTENT="in" WC="0.65" CC="07"/>
						<SP ID="P61_SP00159" HPOS="274" VPOS="974" WIDTH="20"/>
						<String ID="P61_ST00184" HPOS="294" VPOS="945" WIDTH="34" HEIGHT="22" CONTENT="all" WC="1.00" CC="000"/>
						<SP ID="P61_SP00160" HPOS="328" VPOS="974" WIDTH="20"/>
						<String ID="P61_ST00185" HPOS="348" VPOS="945" WIDTH="27" HEIGHT="23" CONTENT="of" WC="0.82" CC="30"/>
						<SP ID="P61_SP00161" HPOS="375" VPOS="974" WIDTH="18"/>
						<String ID="P61_ST00186" HPOS="393" VPOS="945" WIDTH="86" HEIGHT="23" CONTENT="which" WC="0.75" CC="06006"/>
						<SP ID="P61_SP00162" HPOS="479" VPOS="974" WIDTH="17"/>
						<String ID="P61_ST00187" HPOS="496" VPOS="946" WIDTH="117" HEIGHT="23" CONTENT="counties" WC="0.83" CC="04300005"/>
						<SP ID="P61_SP00163" HPOS="613" VPOS="974" WIDTH="13"/>
						<String ID="P61_ST00188" HPOS="626" VPOS="945" WIDTH="45" HEIGHT="24" CONTENT="the" WC="0.65" CC="370"/>
						<SP ID="P61_SP00164" HPOS="671" VPOS="974" WIDTH="14"/>
						<String ID="P61_ST00189" HPOS="685" VPOS="945" WIDTH="89" HEIGHT="32" CONTENT="people" WC="0.91" CC="050000"/>
						<SP ID="P61_SP00165" HPOS="774" VPOS="977" WIDTH="20"/>
						<String ID="P61_ST00190" HPOS="794" VPOS="954" WIDTH="55" HEIGHT="15" CONTENT="rose" WC="0.85" CC="4010"/>
						<SP ID="P61_SP00166" HPOS="849" VPOS="977" WIDTH="20"/>
						<String ID="P61_ST00191" HPOS="869" VPOS="947" WIDTH="26" HEIGHT="21" CONTENT="to" WC="0.64" CC="70"/>
						<SP ID="P61_SP00167" HPOS="895" VPOS="977" WIDTH="19"/>
						<String ID="P61_ST00192" HPOS="914" VPOS="953" WIDTH="74" HEIGHT="15" CONTENT="arms." WC="0.96" CC="00010"/>
					</TextLine>
					<TextLine ID="P61_TL00024" HPOS="117" VPOS="984" WIDTH="874" HEIGHT="31">
						<String ID="P61_ST00193" HPOS="117" VPOS="985" WIDTH="54" HEIGHT="24" CONTENT="The" WC="0.79" CC="060"/>
						<SP ID="P61_SP00168" HPOS="171" VPOS="1009" WIDTH="14"/>
						<String ID="P61_ST00194" HPOS="185" VPOS="985" WIDTH="75" HEIGHT="24" CONTENT="Kent" WC="0.63" CC="0076"/>
						<SP ID="P61_SP00169" HPOS="260" VPOS="1009" WIDTH="13"/>
						<String ID="P61_ST00195" HPOS="273" VPOS="993" WIDTH="60" HEIGHT="15" CONTENT="men" WC="1.00" CC="000"/>
						<SP ID="P61_SP00170" HPOS="333" VPOS="1009" WIDTH="20"/>
						<String ID="P61_ST00196" HPOS="353" VPOS="985" WIDTH="101" HEIGHT="24" CONTENT="crossed" WC="0.79" CC="0650100"/>
						<SP ID="P61_SP00171" HPOS="454" VPOS="1009" WIDTH="20"/>
						<String ID="P61_ST00197" HPOS="474" VPOS="985" WIDTH="45" HEIGHT="24" CONTENT="the" WC="0.67" CC="360"/>
						<SP ID="P61_SP00172" HPOS="519" VPOS="1009" WIDTH="19"/>
						<String ID="P61_ST00198" HPOS="538" VPOS="986" WIDTH="117" HEIGHT="29" CONTENT="Thames," WC="0.79" CC="0600350"/>
						<SP ID="P61_SP00173" HPOS="655" VPOS="1015" WIDTH="21"/>
						<String ID="P61_ST00199" HPOS="676" VPOS="985" WIDTH="102" HEIGHT="24" CONTENT="burned" WC="0.72" CC="036600"/>
						<SP ID="P61_SP00174" HPOS="778" VPOS="1015" WIDTH="19"/>
						<String ID="P61_ST00200" HPOS="797" VPOS="985" WIDTH="45" HEIGHT="24" CONTENT="the" WC="0.89" CC="300"/>
						<SP ID="P61_SP00175" HPOS="842" VPOS="1015" WIDTH="19"/>
						<String ID="P61_ST00201" HPOS="861" VPOS="985" WIDTH="91" HEIGHT="23" CONTENT="houses" WC="0.71" CC="330503"/>
						<SP ID="P61_SP00176" HPOS="952" VPOS="1015" WIDTH="14"/>
						<String ID="P61_ST00202" HPOS="966" VPOS="984" WIDTH="25" HEIGHT="24" CONTENT="of" WC="1.00" CC="00"/>
					</TextLine>
					<TextLine ID="P61_TL00025" HPOS="117" VPOS="1025" WIDTH="874" HEIGHT="33">
						<String ID="P61_ST00203" HPOS="117" VPOS="1027" WIDTH="56" HEIGHT="23" CONTENT="rich" WC="0.81" CC="0007"/>
						<SP ID="P61_SP00177" HPOS="173" VPOS="1050" WIDTH="13"/>
						<String ID="P61_ST00204" HPOS="186" VPOS="1026" WIDTH="98" HEIGHT="32" CONTENT="people," WC="0.89" CC="0030300"/>
						<SP ID="P61_SP00178" HPOS="284" VPOS="1058" WIDTH="15"/>
						<String ID="P61_ST00205" HPOS="299" VPOS="1025" WIDTH="49" HEIGHT="25" CONTENT="but" WC="0.64" CC="046"/>
						<SP ID="P61_SP00179" HPOS="348" VPOS="1058" WIDTH="13"/>
						<String ID="P61_ST00206" HPOS="361" VPOS="1025" WIDTH="152" HEIGHT="25" CONTENT="committed" WC="0.89" CC="010005200"/>
						<SP ID="P61_SP00180" HPOS="513" VPOS="1058" WIDTH="14"/>
						<String ID="P61_ST00207" HPOS="527" VPOS="1026" WIDTH="50" HEIGHT="24" CONTENT="few" WC="1.00" CC="000"/>
						<SP ID="P61_SP00181" HPOS="577" VPOS="1058" WIDTH="13"/>
						<String ID="P61_ST00208" HPOS="590" VPOS="1026" WIDTH="131" HEIGHT="24" CONTENT="robberies" WC="0.70" CC="007603306"/>
						<String ID="P61_ST00209" HPOS="723" VPOS="1040" WIDTH="33" HEIGHT="2" CONTENT="—" WC="0.20" CC="8"/>
						<String ID="P61_ST00210" HPOS="758" VPOS="1025" WIDTH="99" HEIGHT="30" CONTENT="indeed," WC="0.84" CC="1000090"/>
						<SP ID="P61_SP00182" HPOS="857" VPOS="1058" WIDTH="13"/>
						<String ID="P61_ST00211" HPOS="870" VPOS="1034" WIDTH="47" HEIGHT="15" CONTENT="one" WC="0.82" CC="050"/>
						<SP ID="P61_SP00183" HPOS="917" VPOS="1058" WIDTH="14"/>
						<String ID="P61_ST00212" HPOS="931" VPOS="1034" WIDTH="60" HEIGHT="15" CONTENT="man" WC="0.77" CC="006"/>
					</TextLine>
					<TextLine ID="P61_TL00026" HPOS="116" VPOS="1066" WIDTH="874" HEIGHT="33">
						<String ID="P61_ST00213" HPOS="116" VPOS="1067" WIDTH="99" HEIGHT="32" CONTENT="caught" WC="0.76" CC="000076"/>
						<SP ID="P61_SP00184" HPOS="215" VPOS="1099" WIDTH="13"/>
						<String ID="P61_ST00214" HPOS="228" VPOS="1067" WIDTH="114" HEIGHT="31" CONTENT="stealing" WC="0.73" CC="43060240"/>
						<SP ID="P61_SP00185" HPOS="342" VPOS="1099" WIDTH="13"/>
						<String ID="P61_ST00215" HPOS="355" VPOS="1074" WIDTH="53" HEIGHT="15" CONTENT="was" WC="1.00" CC="000"/>
						<SP ID="P61_SP00186" HPOS="408" VPOS="1099" WIDTH="13"/>
						<String ID="P61_ST00216" HPOS="421" VPOS="1066" WIDTH="73" HEIGHT="32" CONTENT="hung" WC="0.72" CC="6030"/>
						<SP ID="P61_SP00187" HPOS="494" VPOS="1099" WIDTH="19"/>
						<String ID="P61_ST00217" HPOS="513" VPOS="1074" WIDTH="34" HEIGHT="15" CONTENT="on" WC="0.72" CC="05"/>
						<SP ID="P61_SP00188" HPOS="547" VPOS="1099" WIDTH="12"/>
						<String ID="P61_ST00218" HPOS="559" VPOS="1067" WIDTH="45" HEIGHT="22" CONTENT="the" WC="1.00" CC="000"/>
						<SP ID="P61_SP00189" HPOS="604" VPOS="1099" WIDTH="14"/>
						<String ID="P61_ST00219" HPOS="618" VPOS="1068" WIDTH="58" HEIGHT="30" CONTENT="spot" WC="0.73" CC="5005"/>
						<String ID="P61_ST00220" HPOS="679" VPOS="1082" WIDTH="32" HEIGHT="1" CONTENT="—" WC="0.20" CC="8"/>
						<String ID="P61_ST00221" HPOS="713" VPOS="1066" WIDTH="51" HEIGHT="23" CONTENT="and" WC="0.69" CC="026"/>
						<SP ID="P61_SP00190" HPOS="764" VPOS="1099" WIDTH="12"/>
						<String ID="P61_ST00222" HPOS="776" VPOS="1069" WIDTH="69" HEIGHT="20" CONTENT="went" WC="0.70" CC="0074"/>
						<SP ID="P61_SP00191" HPOS="845" VPOS="1099" WIDTH="13"/>
						<String ID="P61_ST00223" HPOS="858" VPOS="1073" WIDTH="32" HEIGHT="16" CONTENT="on" WC="0.41" CC="47"/>
						<SP ID="P61_SP00192" HPOS="890" VPOS="1099" WIDTH="15"/>
						<String ID="P61_ST00224" HPOS="905" VPOS="1067" WIDTH="27" HEIGHT="22" CONTENT="to" WC="0.72" CC="50"/>
						<SP ID="P61_SP00193" HPOS="932" VPOS="1099" WIDTH="13"/>
						<String ID="P61_ST00225" HPOS="945" VPOS="1066" WIDTH="45" HEIGHT="23" CONTENT="the" WC="0.79" CC="060"/>
					</TextLine>
					<TextLine ID="P61_TL00027" HPOS="116" VPOS="1105" WIDTH="874" HEIGHT="33">
						<String ID="P61_ST00226" HPOS="116" VPOS="1108" WIDTH="92" HEIGHT="23" CONTENT="Tower" WC="0.87" CC="01005"/>
						<SP ID="P61_SP00194" HPOS="208" VPOS="1131" WIDTH="18"/>
						<String ID="P61_ST00227" HPOS="226" VPOS="1106" WIDTH="28" HEIGHT="25" CONTENT="of" WC="0.71" CC="05"/>
						<SP ID="P61_SP00195" HPOS="254" VPOS="1131" WIDTH="18"/>
						<String ID="P61_ST00228" HPOS="272" VPOS="1105" WIDTH="117" HEIGHT="25" CONTENT="London." WC="0.86" CC="4050000"/>
						<SP ID="P61_SP00196" HPOS="389" VPOS="1131" WIDTH="40"/>
						<String ID="P61_ST00229" HPOS="429" VPOS="1105" WIDTH="77" HEIGHT="25" CONTENT="From" WC="0.66" CC="6410"/>
						<SP ID="P61_SP00197" HPOS="506" VPOS="1131" WIDTH="20"/>
						<String ID="P61_ST00230" HPOS="526" VPOS="1106" WIDTH="53" HEIGHT="24" CONTENT="this" WC="0.48" CC="5535"/>
						<SP ID="P61_SP00198" HPOS="579" VPOS="1131" WIDTH="18"/>
						<String ID="P61_ST00231" HPOS="597" VPOS="1106" WIDTH="109" HEIGHT="24" CONTENT="fortress" WC="0.75" CC="00234036"/>
						<SP ID="P61_SP00199" HPOS="706" VPOS="1131" WIDTH="18"/>
						<String ID="P61_ST00232" HPOS="724" VPOS="1106" WIDTH="63" HEIGHT="32" CONTENT="they" WC="0.56" CC="0709"/>
						<SP ID="P61_SP00200" HPOS="787" VPOS="1138" WIDTH="22"/>
						<String ID="P61_ST00233" HPOS="809" VPOS="1105" WIDTH="113" HEIGHT="32" CONTENT="dragged" WC="0.79" CC="0409000"/>
						<SP ID="P61_SP00201" HPOS="922" VPOS="1138" WIDTH="22"/>
						<String ID="P61_ST00234" HPOS="944" VPOS="1111" WIDTH="46" HEIGHT="19" CONTENT="out" WC="0.89" CC="020"/>
					</TextLine>
					<TextLine ID="P61_TL00028" HPOS="116" VPOS="1146" WIDTH="874" HEIGHT="33">
						<String ID="P61_ST00235" HPOS="116" VPOS="1147" WIDTH="169" HEIGHT="32" CONTENT="Archbishop" WC="0.66" CC="0505725420"/>
						<SP ID="P61_SP00202" HPOS="285" VPOS="1179" WIDTH="13"/>
						<String ID="P61_ST00236" HPOS="298" VPOS="1146" WIDTH="124" HEIGHT="32" CONTENT="Sudbury" WC="0.66" CC="8300550"/>
						<SP ID="P61_SP00203" HPOS="422" VPOS="1179" WIDTH="13"/>
						<String ID="P61_ST00237" HPOS="435" VPOS="1146" WIDTH="52" HEIGHT="24" CONTENT="and" WC="0.85" CC="040"/>
						<SP ID="P61_SP00204" HPOS="487" VPOS="1179" WIDTH="14"/>
						<String ID="P61_ST00238" HPOS="501" VPOS="1146" WIDTH="87" HEIGHT="25" CONTENT="others" WC="0.68" CC="054035"/>
						<SP ID="P61_SP00205" HPOS="588" VPOS="1179" WIDTH="14"/>
						<String ID="P61_ST00239" HPOS="602" VPOS="1146" WIDTH="58" HEIGHT="24" CONTENT="who" WC="0.96" CC="010"/>
						<SP ID="P61_SP00206" HPOS="660" VPOS="1179" WIDTH="10"/>
						<String ID="P61_ST00240" HPOS="670" VPOS="1155" WIDTH="66" HEIGHT="15" CONTENT="were" WC="0.85" CC="0050"/>
						<SP ID="P61_SP00207" HPOS="736" VPOS="1179" WIDTH="10"/>
						<String ID="P61_ST00241" HPOS="746" VPOS="1146" WIDTH="97" HEIGHT="24" CONTENT="known" WC="0.86" CC="70000"/>
						<SP ID="P61_SP00208" HPOS="843" VPOS="1179" WIDTH="13"/>
						<String ID="P61_ST00242" HPOS="856" VPOS="1150" WIDTH="27" HEIGHT="20" CONTENT="to" WC="1.00" CC="00"/>
						<SP ID="P61_SP00209" HPOS="883" VPOS="1179" WIDTH="10"/>
						<String ID="P61_ST00243" HPOS="893" VPOS="1146" WIDTH="31" HEIGHT="25" CONTENT="be" WC="0.66" CC="60"/>
						<SP ID="P61_SP00210" HPOS="924" VPOS="1179" WIDTH="9"/>
						<String ID="P61_ST00244" HPOS="933" VPOS="1155" WIDTH="57" HEIGHT="16" CONTENT="con" SUBS_TYPE="HypPart1" SUBS_CONTENT="concerned" WC="0.99" CC="0000"/>
						<HYP CONTENT="-"/>
					</TextLine>
					<TextLine ID="P61_TL00029" HPOS="116" VPOS="1186" WIDTH="871" HEIGHT="32">
						<String ID="P61_ST00245" HPOS="116" VPOS="1188" WIDTH="94" HEIGHT="25" CONTENT="cerned" SUBS_TYPE="HypPart2" SUBS_CONTENT="concerned" WC="0.87" CC="000700"/>
						<SP ID="P61_SP00211" HPOS="210" VPOS="1213" WIDTH="14"/>
						<String ID="P61_ST00246" HPOS="224" VPOS="1188" WIDTH="28" HEIGHT="23" CONTENT="in" WC="0.44" CC="28"/>
						<SP ID="P61_SP00212" HPOS="252" VPOS="1213" WIDTH="10"/>
						<String ID="P61_ST00247" HPOS="262" VPOS="1188" WIDTH="45" HEIGHT="23" CONTENT="the" WC="0.79" CC="320"/>
						<SP ID="P61_SP00213" HPOS="307" VPOS="1213" WIDTH="13"/>
						<String ID="P61_ST00248" HPOS="320" VPOS="1188" WIDTH="107" HEIGHT="30" CONTENT="levying" WC="0.85" CC="1000260"/>
						<SP ID="P61_SP00214" HPOS="427" VPOS="1218" WIDTH="13"/>
						<String ID="P61_ST00249" HPOS="440" VPOS="1187" WIDTH="27" HEIGHT="23" CONTENT="of" WC="0.89" CC="02"/>
						<SP ID="P61_SP00215" HPOS="467" VPOS="1218" WIDTH="13"/>
						<String ID="P61_ST00250" HPOS="480" VPOS="1187" WIDTH="44" HEIGHT="23" CONTENT="the" WC="0.75" CC="340"/>
						<SP ID="P61_SP00216" HPOS="524" VPOS="1218" WIDTH="14"/>
						<String ID="P61_ST00251" HPOS="538" VPOS="1187" WIDTH="101" HEIGHT="23" CONTENT="hateful" WC="0.83" CC="6050000"/>
						<SP ID="P61_SP00217" HPOS="639" VPOS="1218" WIDTH="11"/>
						<String ID="P61_ST00252" HPOS="650" VPOS="1189" WIDTH="45" HEIGHT="21" CONTENT="tax" WC="0.67" CC="090"/>
						<SP ID="P61_SP00218" HPOS="695" VPOS="1218" WIDTH="10"/>
						<String ID="P61_ST00253" HPOS="705" VPOS="1186" WIDTH="51" HEIGHT="24" CONTENT="and" WC="0.80" CC="050"/>
						<SP ID="P61_SP00219" HPOS="756" VPOS="1218" WIDTH="11"/>
						<String ID="P61_ST00254" HPOS="767" VPOS="1187" WIDTH="131" HEIGHT="23" CONTENT="beheaded" WC="0.93" CC="20010000"/>
						<SP ID="P61_SP00220" HPOS="898" VPOS="1218" WIDTH="12"/>
						<String ID="P61_ST00255" HPOS="910" VPOS="1187" WIDTH="77" HEIGHT="24" CONTENT="them." WC="0.86" CC="42000"/>
					</TextLine>
				</TextBlock>
				<TextBlock ID="P61_TB00007" HPOS="114" VPOS="1226" WIDTH="874" HEIGHT="357" STYLEREFS="TXT_1 PAR_LEFT">
					<TextLine ID="P61_TL00030" HPOS="151" VPOS="1227" WIDTH="837" HEIGHT="33">
						<String ID="P61_ST00256" HPOS="151" VPOS="1228" WIDTH="75" HEIGHT="32" CONTENT="King" WC="0.82" CC="0070"/>
						<SP ID="P61_SP00221" HPOS="226" VPOS="1260" WIDTH="20"/>
						<String ID="P61_ST00257" HPOS="246" VPOS="1227" WIDTH="124" HEIGHT="31" CONTENT="Richard," WC="0.67" CC="65270400"/>
						<SP ID="P61_SP00222" HPOS="370" VPOS="1260" WIDTH="15"/>
						<String ID="P61_ST00258" HPOS="385" VPOS="1236" WIDTH="15" HEIGHT="14" CONTENT="a" WC="1.00" CC="0"/>
						<SP ID="P61_SP00223" HPOS="400" VPOS="1260" WIDTH="20"/>
						<String ID="P61_ST00259" HPOS="420" VPOS="1227" WIDTH="50" HEIGHT="33" CONTENT="boy" WC="0.75" CC="700"/>
						<SP ID="P61_SP00224" HPOS="470" VPOS="1260" WIDTH="19"/>
						<String ID="P61_ST00260" HPOS="489" VPOS="1227" WIDTH="27" HEIGHT="24" CONTENT="of" WC="0.50" CC="90"/>
						<SP ID="P61_SP00225" HPOS="516" VPOS="1260" WIDTH="19"/>
						<String ID="P61_ST00261" HPOS="535" VPOS="1228" WIDTH="109" HEIGHT="29" CONTENT="sixteen," WC="0.71" CC="02760060"/>
						<SP ID="P61_SP00226" HPOS="644" VPOS="1260" WIDTH="21"/>
						<String ID="P61_ST00262" HPOS="665" VPOS="1230" WIDTH="54" HEIGHT="21" CONTENT="met" WC="0.53" CC="805"/>
						<SP ID="P61_SP00227" HPOS="719" VPOS="1260" WIDTH="19"/>
						<String ID="P61_ST00263" HPOS="738" VPOS="1236" WIDTH="15" HEIGHT="14" CONTENT="a" WC="0.32" CC="6"/>
						<SP ID="P61_SP00228" HPOS="753" VPOS="1260" WIDTH="19"/>
						<String ID="P61_ST00264" HPOS="772" VPOS="1227" WIDTH="109" HEIGHT="24" CONTENT="number" WC="0.77" CC="370002"/>
						<SP ID="P61_SP00229" HPOS="881" VPOS="1260" WIDTH="19"/>
						<String ID="P61_ST00265" HPOS="900" VPOS="1227" WIDTH="26" HEIGHT="24" CONTENT="of" WC="0.84" CC="30"/>
						<SP ID="P61_SP00230" HPOS="926" VPOS="1260" WIDTH="18"/>
						<String ID="P61_ST00266" HPOS="944" VPOS="1228" WIDTH="44" HEIGHT="24" CONTENT="the" WC="0.91" CC="100"/>
					</TextLine>
					<TextLine ID="P61_TL00031" HPOS="116" VPOS="1267" WIDTH="870" HEIGHT="33">
						<String ID="P61_ST00267" HPOS="116" VPOS="1269" WIDTH="84" HEIGHT="25" CONTENT="rebels" WC="0.63" CC="305236"/>
						<SP ID="P61_SP00231" HPOS="200" VPOS="1294" WIDTH="22"/>
						<String ID="P61_ST00268" HPOS="222" VPOS="1271" WIDTH="29" HEIGHT="22" CONTENT="at" WC="0.72" CC="05"/>
						<SP ID="P61_SP00232" HPOS="251" VPOS="1294" WIDTH="20"/>
						<String ID="P61_ST00269" HPOS="271" VPOS="1268" WIDTH="66" HEIGHT="24" CONTENT="Mile" WC="0.88" CC="0040"/>
						<SP ID="P61_SP00233" HPOS="337" VPOS="1294" WIDTH="21"/>
						<String ID="P61_ST00270" HPOS="358" VPOS="1267" WIDTH="67" HEIGHT="30" CONTENT="End," WC="0.83" CC="2300"/>
						<SP ID="P61_SP00234" HPOS="425" VPOS="1297" WIDTH="15"/>
						<String ID="P61_ST00271" HPOS="440" VPOS="1267" WIDTH="52" HEIGHT="24" CONTENT="and" WC="0.84" CC="040"/>
						<SP ID="P61_SP00235" HPOS="492" VPOS="1297" WIDTH="20"/>
						<String ID="P61_ST00272" HPOS="512" VPOS="1268" WIDTH="80" HEIGHT="24" CONTENT="asked" WC="0.90" CC="04000"/>
						<SP ID="P61_SP00236" HPOS="592" VPOS="1297" WIDTH="20"/>
						<String ID="P61_ST00273" HPOS="612" VPOS="1268" WIDTH="71" HEIGHT="24" CONTENT="them" WC="0.66" CC="6600"/>
						<SP ID="P61_SP00237" HPOS="683" VPOS="1297" WIDTH="18"/>
						<String ID="P61_ST00274" HPOS="701" VPOS="1268" WIDTH="72" HEIGHT="24" CONTENT="what" WC="0.49" CC="0693"/>
						<SP ID="P61_SP00238" HPOS="773" VPOS="1297" WIDTH="19"/>
						<String ID="P61_ST00275" HPOS="792" VPOS="1268" WIDTH="63" HEIGHT="32" CONTENT="they" WC="0.53" CC="2709"/>
						<SP ID="P61_SP00239" HPOS="855" VPOS="1300" WIDTH="21"/>
						<String ID="P61_ST00276" HPOS="876" VPOS="1269" WIDTH="110" HEIGHT="24" CONTENT="wanted." WC="0.76" CC="0006602"/>
					</TextLine>
					<TextLine ID="P61_TL00032" HPOS="116" VPOS="1308" WIDTH="872" HEIGHT="35">
						<String ID="P61_ST00277" HPOS="116" VPOS="1310" WIDTH="72" HEIGHT="33" CONTENT="They" WC="0.53" CC="0729"/>
						<SP ID="P61_SP00240" HPOS="188" VPOS="1343" WIDTH="14"/>
						<String ID="P61_ST00278" HPOS="202" VPOS="1309" WIDTH="105" HEIGHT="33" CONTENT="replied," WC="0.62" CC="90073090"/>
						<SP ID="P61_SP00241" HPOS="307" VPOS="1343" WIDTH="18"/>
						<String ID="P61_ST00279" HPOS="325" VPOS="1310" WIDTH="14" HEIGHT="12" CONTENT='"' WC="1.00" CC="0"/>
						<SP ID="P61_SP00242" HPOS="339" VPOS="1343" WIDTH="9"/>
						<String ID="P61_ST00280" HPOS="348" VPOS="1309" WIDTH="27" HEIGHT="23" CONTENT="A" WC="1.00" CC="0"/>
						<SP ID="P61_SP00243" HPOS="375" VPOS="1343" WIDTH="12"/>
						<String ID="P61_ST00281" HPOS="387" VPOS="1309" WIDTH="105" HEIGHT="31" CONTENT="general" WC="1.00" CC="0000000"/>
						<SP ID="P61_SP00244" HPOS="492" VPOS="1343" WIDTH="14"/>
						<String ID="P61_ST00282" HPOS="506" VPOS="1308" WIDTH="107" HEIGHT="32" CONTENT="pardon," WC="0.75" CC="0068200"/>
						<SP ID="P61_SP00245" HPOS="613" VPOS="1343" WIDTH="15"/>
						<String ID="P61_ST00283" HPOS="628" VPOS="1309" WIDTH="45" HEIGHT="23" CONTENT="the" WC="0.66" CC="900"/>
						<SP ID="P61_SP00246" HPOS="673" VPOS="1343" WIDTH="12"/>
						<String ID="P61_ST00284" HPOS="685" VPOS="1309" WIDTH="127" HEIGHT="23" CONTENT="abolition" WC="0.72" CC="760505000"/>
						<SP ID="P61_SP00247" HPOS="812" VPOS="1343" WIDTH="14"/>
						<String ID="P61_ST00285" HPOS="826" VPOS="1309" WIDTH="26" HEIGHT="23" CONTENT="of" WC="1.00" CC="00"/>
						<SP ID="P61_SP00248" HPOS="852" VPOS="1343" WIDTH="13"/>
						<String ID="P61_ST00286" HPOS="865" VPOS="1308" WIDTH="123" HEIGHT="33" CONTENT='slavery,"' WC="0.75" CC="350004034"/>
					</TextLine>
					<TextLine ID="P61_TL00033" HPOS="116" VPOS="1348" WIDTH="872" HEIGHT="34">
						<String ID="P61_ST00287" HPOS="116" VPOS="1352" WIDTH="47" HEIGHT="29" CONTENT="for," WC="0.89" CC="0120"/>
						<SP ID="P61_SP00249" HPOS="163" VPOS="1381" WIDTH="15"/>
						<String ID="P61_ST00288" HPOS="178" VPOS="1351" WIDTH="29" HEIGHT="24" CONTENT="in" WC="0.65" CC="42"/>
						<SP ID="P61_SP00250" HPOS="207" VPOS="1381" WIDTH="13"/>
						<String ID="P61_ST00289" HPOS="220" VPOS="1350" WIDTH="67" HEIGHT="32" CONTENT="spite" WC="0.67" CC="60351"/>
						<SP ID="P61_SP00251" HPOS="287" VPOS="1382" WIDTH="15"/>
						<String ID="P61_ST00290" HPOS="302" VPOS="1349" WIDTH="27" HEIGHT="25" CONTENT="of" WC="0.73" CC="50"/>
						<SP ID="P61_SP00252" HPOS="329" VPOS="1382" WIDTH="19"/>
						<String ID="P61_ST00291" HPOS="348" VPOS="1349" WIDTH="99" HEIGHT="32" CONTENT="Magna" WC="0.58" CC="40079"/>
						<SP ID="P61_SP00253" HPOS="447" VPOS="1382" WIDTH="19"/>
						<String ID="P61_ST00292" HPOS="466" VPOS="1348" WIDTH="105" HEIGHT="30" CONTENT="Charta," WC="0.69" CC="3506500"/>
						<SP ID="P61_SP00254" HPOS="571" VPOS="1382" WIDTH="16"/>
						<String ID="P61_ST00293" HPOS="587" VPOS="1348" WIDTH="45" HEIGHT="24" CONTENT="the" WC="0.59" CC="650"/>
						<SP ID="P61_SP00255" HPOS="632" VPOS="1382" WIDTH="18"/>
						<String ID="P61_ST00294" HPOS="650" VPOS="1348" WIDTH="134" HEIGHT="25" CONTENT="condition" WC="0.77" CC="042414002"/>
						<SP ID="P61_SP00256" HPOS="784" VPOS="1382" WIDTH="18"/>
						<String ID="P61_ST00295" HPOS="802" VPOS="1349" WIDTH="27" HEIGHT="24" CONTENT="of" WC="1.00" CC="00"/>
						<SP ID="P61_SP00257" HPOS="829" VPOS="1382" WIDTH="18"/>
						<String ID="P61_ST00296" HPOS="847" VPOS="1348" WIDTH="45" HEIGHT="25" CONTENT="the" WC="0.62" CC="460"/>
						<SP ID="P61_SP00258" HPOS="892" VPOS="1382" WIDTH="19"/>
						<String ID="P61_ST00297" HPOS="911" VPOS="1349" WIDTH="77" HEIGHT="24" CONTENT="lower" WC="0.82" CC="30005"/>
					</TextLine>
					<TextLine ID="P61_TL00034" HPOS="115" VPOS="1388" WIDTH="873" HEIGHT="33">
						<String ID="P61_ST00298" HPOS="115" VPOS="1393" WIDTH="94" HEIGHT="23" CONTENT="classes" WC="0.79" CC="0000707"/>
						<SP ID="P61_SP00259" HPOS="209" VPOS="1416" WIDTH="18"/>
						<String ID="P61_ST00299" HPOS="227" VPOS="1400" WIDTH="54" HEIGHT="15" CONTENT="was" WC="0.45" CC="906"/>
						<SP ID="P61_SP00260" HPOS="281" VPOS="1416" WIDTH="13"/>
						<String ID="P61_ST00300" HPOS="294" VPOS="1391" WIDTH="70" HEIGHT="24" CONTENT="little" WC="0.71" CC="204460"/>
						<SP ID="P61_SP00261" HPOS="364" VPOS="1416" WIDTH="19"/>
						<String ID="P61_ST00301" HPOS="383" VPOS="1389" WIDTH="88" HEIGHT="25" CONTENT="better" WC="0.80" CC="600500"/>
						<SP ID="P61_SP00262" HPOS="471" VPOS="1416" WIDTH="16"/>
						<String ID="P61_ST00302" HPOS="487" VPOS="1389" WIDTH="66" HEIGHT="24" CONTENT="than" WC="0.74" CC="5500"/>
						<SP ID="P61_SP00263" HPOS="553" VPOS="1416" WIDTH="19"/>
						<String ID="P61_ST00303" HPOS="572" VPOS="1389" WIDTH="102" HEIGHT="32" CONTENT="slavery" WC="0.65" CC="3109009"/>
						<String ID="P61_ST00304" HPOS="675" VPOS="1405" WIDTH="34" HEIGHT="3" CONTENT="—" WC="0.20" CC="8"/>
						<String ID="P61_ST00305" HPOS="712" VPOS="1392" WIDTH="15" HEIGHT="11" CONTENT='"' WC="0.61" CC="3"/>
						<SP ID="P61_SP00264" HPOS="727" VPOS="1421" WIDTH="13"/>
						<String ID="P61_ST00306" HPOS="740" VPOS="1390" WIDTH="67" HEIGHT="24" CONTENT="That" WC="1.00" CC="0000"/>
						<SP ID="P61_SP00265" HPOS="807" VPOS="1421" WIDTH="14"/>
						<String ID="P61_ST00307" HPOS="821" VPOS="1388" WIDTH="44" HEIGHT="26" CONTENT="the" WC="0.76" CC="070"/>
						<SP ID="P61_SP00266" HPOS="865" VPOS="1421" WIDTH="19"/>
						<String ID="P61_ST00308" HPOS="884" VPOS="1393" WIDTH="59" HEIGHT="21" CONTENT="rent" WC="0.55" CC="3049"/>
						<SP ID="P61_SP00267" HPOS="943" VPOS="1421" WIDTH="18"/>
						<String ID="P61_ST00309" HPOS="961" VPOS="1390" WIDTH="27" HEIGHT="24" CONTENT="of" WC="0.93" CC="10"/>
					</TextLine>
					<TextLine ID="P61_TL00035" HPOS="115" VPOS="1429" WIDTH="873" HEIGHT="35">
						<String ID="P61_ST00310" HPOS="115" VPOS="1431" WIDTH="67" HEIGHT="33" CONTENT="good" WC="0.80" CC="0430"/>
						<SP ID="P61_SP00268" HPOS="182" VPOS="1464" WIDTH="24"/>
						<String ID="P61_ST00311" HPOS="206" VPOS="1431" WIDTH="64" HEIGHT="25" CONTENT="land" WC="0.82" CC="0070"/>
						<SP ID="P61_SP00269" HPOS="270" VPOS="1464" WIDTH="24"/>
						<String ID="P61_ST00312" HPOS="294" VPOS="1430" WIDTH="93" HEIGHT="25" CONTENT="should" WC="0.73" CC="550400"/>
						<SP ID="P61_SP00270" HPOS="387" VPOS="1464" WIDTH="26"/>
						<String ID="P61_ST00313" HPOS="413" VPOS="1430" WIDTH="31" HEIGHT="24" CONTENT="be" WC="0.92" CC="10"/>
						<SP ID="P61_SP00271" HPOS="444" VPOS="1464" WIDTH="22"/>
						<String ID="P61_ST00314" HPOS="466" VPOS="1430" WIDTH="141" HEIGHT="32" CONTENT="fourpence" WC="0.94" CC="000000500"/>
						<SP ID="P61_SP00272" HPOS="607" VPOS="1464" WIDTH="29"/>
						<String ID="P61_ST00315" HPOS="636" VPOS="1439" WIDTH="34" HEIGHT="14" CONTENT="an" WC="0.07" CC="98"/>
						<SP ID="P61_SP00273" HPOS="670" VPOS="1464" WIDTH="31"/>
						<String ID="P61_ST00316" HPOS="701" VPOS="1438" WIDTH="64" HEIGHT="21" CONTENT="acre," WC="0.82" CC="00503"/>
						<SP ID="P61_SP00274" HPOS="765" VPOS="1464" WIDTH="22"/>
						<String ID="P61_ST00317" HPOS="787" VPOS="1429" WIDTH="52" HEIGHT="24" CONTENT="and" WC="1.00" CC="000"/>
						<SP ID="P61_SP00275" HPOS="839" VPOS="1464" WIDTH="27"/>
						<String ID="P61_ST00318" HPOS="866" VPOS="1429" WIDTH="60" HEIGHT="24" CONTENT="that" WC="0.88" CC="0400"/>
						<SP ID="P61_SP00276" HPOS="926" VPOS="1464" WIDTH="27"/>
						<String ID="P61_ST00319" HPOS="953" VPOS="1431" WIDTH="35" HEIGHT="22" CONTENT="all" WC="1.00" CC="000"/>
					</TextLine>
					<TextLine ID="P61_TL00036" HPOS="116" VPOS="1470" WIDTH="872" HEIGHT="33">
						<String ID="P61_ST00320" HPOS="116" VPOS="1481" WIDTH="60" HEIGHT="16" CONTENT="men" WC="0.74" CC="007"/>
						<SP ID="P61_SP00277" HPOS="176" VPOS="1497" WIDTH="32"/>
						<String ID="P61_ST00321" HPOS="208" VPOS="1470" WIDTH="94" HEIGHT="27" CONTENT="should" WC="0.58" CC="065209"/>
						<SP ID="P61_SP00278" HPOS="302" VPOS="1497" WIDTH="35"/>
						<String ID="P61_ST00322" HPOS="337" VPOS="1470" WIDTH="66" HEIGHT="25" CONTENT="have" WC="0.82" CC="7000"/>
						<SP ID="P61_SP00279" HPOS="403" VPOS="1497" WIDTH="32"/>
						<String ID="P61_ST00323" HPOS="435" VPOS="1470" WIDTH="97" HEIGHT="33" CONTENT="liberty" WC="0.78" CC="3500500"/>
						<SP ID="P61_SP00280" HPOS="532" VPOS="1503" WIDTH="28"/>
						<String ID="P61_ST00324" HPOS="560" VPOS="1473" WIDTH="28" HEIGHT="21" CONTENT="to" WC="0.79" CC="30"/>
						<SP ID="P61_SP00281" HPOS="588" VPOS="1503" WIDTH="30"/>
						<String ID="P61_ST00325" HPOS="618" VPOS="1470" WIDTH="55" HEIGHT="32" CONTENT="buy" WC="0.40" CC="539"/>
						<SP ID="P61_SP00282" HPOS="673" VPOS="1503" WIDTH="31"/>
						<String ID="P61_ST00326" HPOS="704" VPOS="1470" WIDTH="52" HEIGHT="24" CONTENT="and" WC="0.77" CC="060"/>
						<SP ID="P61_SP00283" HPOS="756" VPOS="1503" WIDTH="32"/>
						<String ID="P61_ST00327" HPOS="788" VPOS="1470" WIDTH="46" HEIGHT="24" CONTENT="sell" WC="0.53" CC="6343"/>
						<SP ID="P61_SP00284" HPOS="834" VPOS="1503" WIDTH="33"/>
						<String ID="P61_ST00328" HPOS="867" VPOS="1474" WIDTH="27" HEIGHT="20" CONTENT="at" WC="0.42" CC="73"/>
						<SP ID="P61_SP00285" HPOS="894" VPOS="1503" WIDTH="31"/>
						<String ID="P61_ST00329" HPOS="925" VPOS="1471" WIDTH="63" HEIGHT="24" CONTENT="fairs" WC="0.66" CC="06414"/>
					</TextLine>
					<TextLine ID="P61_TL00037" HPOS="116" VPOS="1510" WIDTH="871" HEIGHT="32">
						<String ID="P61_ST00330" HPOS="116" VPOS="1513" WIDTH="52" HEIGHT="24" CONTENT="and" WC="1.00" CC="000"/>
						<SP ID="P61_SP00286" HPOS="168" VPOS="1537" WIDTH="28"/>
						<String ID="P61_ST00331" HPOS="196" VPOS="1511" WIDTH="140" HEIGHT="25" CONTENT='markets."' WC="0.85" CC="002002502"/>
						<SP ID="P61_SP00287" HPOS="336" VPOS="1537" WIDTH="49"/>
						<String ID="P61_ST00332" HPOS="385" VPOS="1512" WIDTH="46" HEIGHT="24" CONTENT="All" WC="1.00" CC="000"/>
						<SP ID="P61_SP00288" HPOS="431" VPOS="1537" WIDTH="32"/>
						<String ID="P61_ST00333" HPOS="463" VPOS="1511" WIDTH="53" HEIGHT="24" CONTENT="this" WC="0.71" CC="0504"/>
						<SP ID="P61_SP00289" HPOS="516" VPOS="1537" WIDTH="23"/>
						<String ID="P61_ST00334" HPOS="539" VPOS="1510" WIDTH="45" HEIGHT="25" CONTENT="the" WC="0.58" CC="560"/>
						<SP ID="P61_SP00290" HPOS="584" VPOS="1537" WIDTH="24"/>
						<String ID="P61_ST00335" HPOS="608" VPOS="1510" WIDTH="65" HEIGHT="32" CONTENT="king" WC="0.94" CC="0020"/>
						<SP ID="P61_SP00291" HPOS="673" VPOS="1542" WIDTH="21"/>
						<String ID="P61_ST00336" HPOS="694" VPOS="1510" WIDTH="118" HEIGHT="32" CONTENT="granted." WC="0.87" CC="03003020"/>
						<SP ID="P61_SP00292" HPOS="812" VPOS="1542" WIDTH="49"/>
						<String ID="P61_ST00337" HPOS="861" VPOS="1511" WIDTH="73" HEIGHT="24" CONTENT="Then" WC="0.80" CC="0700"/>
						<SP ID="P61_SP00293" HPOS="934" VPOS="1542" WIDTH="21"/>
						<String ID="P61_ST00338" HPOS="955" VPOS="1512" WIDTH="32" HEIGHT="24" CONTENT="he" WC="0.65" CC="70"/>
					</TextLine>
					<TextLine ID="P61_TL00038" HPOS="116" VPOS="1551" WIDTH="872" HEIGHT="32">
						<String ID="P61_ST00339" HPOS="116" VPOS="1556" WIDTH="71" HEIGHT="22" CONTENT="went" WC="0.27" CC="9387"/>
						<SP ID="P61_SP00294" HPOS="187" VPOS="1578" WIDTH="28"/>
						<String ID="P61_ST00340" HPOS="215" VPOS="1562" WIDTH="33" HEIGHT="15" CONTENT="on" WC="0.58" CC="08"/>
						<SP ID="P61_SP00295" HPOS="248" VPOS="1578" WIDTH="28"/>
						<String ID="P61_ST00341" HPOS="276" VPOS="1553" WIDTH="56" HEIGHT="23" CONTENT="into" WC="0.70" CC="1720"/>
						<SP ID="P61_SP00296" HPOS="332" VPOS="1578" WIDTH="27"/>
						<String ID="P61_ST00342" HPOS="359" VPOS="1552" WIDTH="44" HEIGHT="23" CONTENT="the" WC="0.72" CC="440"/>
						<SP ID="P61_SP00297" HPOS="403" VPOS="1578" WIDTH="32"/>
						<String ID="P61_ST00343" HPOS="435" VPOS="1552" WIDTH="53" HEIGHT="31" CONTENT="city" WC="0.85" CC="0060"/>
						<SP ID="P61_SP00298" HPOS="488" VPOS="1583" WIDTH="28"/>
						<String ID="P61_ST00344" HPOS="516" VPOS="1554" WIDTH="28" HEIGHT="21" CONTENT="to" WC="0.79" CC="40"/>
						<SP ID="P61_SP00299" HPOS="544" VPOS="1583" WIDTH="31"/>
						<String ID="P61_ST00345" HPOS="575" VPOS="1551" WIDTH="154" HEIGHT="29" CONTENT="Smithfield," WC="0.68" CC="70366441000"/>
						<SP ID="P61_SP00300" HPOS="729" VPOS="1583" WIDTH="28"/>
						<String ID="P61_ST00346" HPOS="757" VPOS="1551" WIDTH="83" HEIGHT="24" CONTENT="where" WC="0.62" CC="07190"/>
						<SP ID="P61_SP00301" HPOS="840" VPOS="1583" WIDTH="32"/>
						<String ID="P61_ST00347" HPOS="872" VPOS="1552" WIDTH="32" HEIGHT="23" CONTENT="he" WC="0.63" CC="70"/>
						<SP ID="P61_SP00302" HPOS="904" VPOS="1583" WIDTH="30"/>
						<String ID="P61_ST00348" HPOS="934" VPOS="1558" WIDTH="54" HEIGHT="18" CONTENT="met" WC="0.67" CC="009"/>
					</TextLine>
				</TextBlock>
			</PrintSpace>
		</Page>
	</Layout>
</alto>
