<?xml version="1.0" encoding="UTF-8"?>
<alto xmlns:xsi="http://www.w3.org/2001/XMLSchema-instance" xsi:noNamespaceSchemaLocation="http://www.bl.uk/schemas/alto/alto-1-4.xsd" xmlns:xlink="http://www.w3.org/1999/xlink">
	<Description>
		<MeasurementUnit>mm10</MeasurementUnit>
		<sourceImageInformation>
			<fileName>//head1/IN/2008-21/A0011599490/002564.jp2</fileName>
		</sourceImageInformation>
		<OCRProcessing ID="OCRPROCESSING_1">
			<preProcessingStep>
				<processingSoftware>
					<softwareCreator>CCS Content Conversion Specialists GmbH, Germany</softwareCreator>
					<softwareName>CCS docWORKS</softwareName>
					<softwareVersion>6.1-0.67</softwareVersion>
				</processingSoftware>
			</preProcessingStep>
			<ocrProcessingStep>
				<processingSoftware>
					<softwareCreator>ABBYY (BIT Software), Russia</softwareCreator>
					<softwareName>Finereader</softwareName>
				</processingSoftware>
			</ocrProcessingStep>
		</OCRProcessing>
	</Description>
	<Styles/>
	<Layout>
		<Page ID="P6" PHYSICAL_IMG_NR="6" HEIGHT="1685" WIDTH="1100" POSITION="Left">
			<TopMargin ID="P6_TM00001" HPOS="0" VPOS="0" WIDTH="1099" HEIGHT="0"/>
			<LeftMargin ID="P6_LM00001" HPOS="0" VPOS="0" WIDTH="0" HEIGHT="1684"/>
			<RightMargin ID="P6_RM00001" HPOS="1099" VPOS="0" WIDTH="0" HEIGHT="1684"/>
			<BottomMargin ID="P6_BM00001" HPOS="0" VPOS="1684" WIDTH="1099" HEIGHT="0"/>
			<PrintSpace ID="P6_PS00001" HPOS="0" VPOS="0" WIDTH="1099" HEIGHT="1684"/>
		</Page>
	</Layout>
</alto>
