<?xml version="1.0" encoding="UTF-8"?>
<alto xmlns:xsi="http://www.w3.org/2001/XMLSchema-instance" xsi:noNamespaceSchemaLocation="http://www.bl.uk/schemas/alto/alto-1-4.xsd" xmlns:xlink="http://www.w3.org/1999/xlink">
	<Description>
		<MeasurementUnit>mm10</MeasurementUnit>
		<sourceImageInformation>
			<fileName>//head1/IN/2008-21/A0011599490/002601.jp2</fileName>
		</sourceImageInformation>
		<OCRProcessing ID="OCRPROCESSING_1">
			<preProcessingStep>
				<processingSoftware>
					<softwareCreator>CCS Content Conversion Specialists GmbH, Germany</softwareCreator>
					<softwareName>CCS docWORKS</softwareName>
					<softwareVersion>6.1-0.67</softwareVersion>
				</processingSoftware>
			</preProcessingStep>
			<ocrProcessingStep>
				<processingSoftware>
					<softwareCreator>ABBYY (BIT Software), Russia</softwareCreator>
					<softwareName>Finereader</softwareName>
				</processingSoftware>
			</ocrProcessingStep>
		</OCRProcessing>
	</Description>
	<Styles>
		<TextStyle ID="TXT_0" FONTSIZE="9" FONTFAMILY="Courier New"/>
		<TextStyle ID="TXT_1" FONTSIZE="11" FONTFAMILY="Courier New"/>
		<ParagraphStyle ID="PAR_CENTER" ALIGN="Center"/>
		<ParagraphStyle ID="PAR_RIGHT" ALIGN="Right"/>
		<ParagraphStyle ID="PAR_LEFT" ALIGN="Left"/>
	</Styles>
	<Layout>
		<Page ID="P43" PHYSICAL_IMG_NR="43" HEIGHT="1685" WIDTH="1100" PRINTED_IMG_NR="27" POSITION="Right" ACCURACY="73.64">
			<TopMargin ID="P43_TM00001" HPOS="0" VPOS="0" WIDTH="1099" HEIGHT="104">
				<TextBlock ID="P43_TB00001" HPOS="454" VPOS="80" WIDTH="203" HEIGHT="19" STYLEREFS="TXT_0 PAR_CENTER">
					<TextLine ID="P43_TL00001" HPOS="455" VPOS="80" WIDTH="202" HEIGHT="19">
						<String ID="P43_ST00001" HPOS="455" VPOS="80" WIDTH="53" HEIGHT="19" CONTENT="THE" WC="0.18" CC="977"/>
						<SP ID="P43_SP00001" HPOS="508" VPOS="99" WIDTH="20"/>
						<String ID="P43_ST00002" HPOS="528" VPOS="80" WIDTH="129" HEIGHT="19" CONTENT="NORMANS." WC="0.64" CC="02099060"/>
					</TextLine>
				</TextBlock>
				<TextBlock ID="P43_TB00002" HPOS="960" VPOS="78" WIDTH="30" HEIGHT="25" STYLEREFS="TXT_1 PAR_RIGHT">
					<TextLine ID="P43_TL00002" HPOS="960" VPOS="78" WIDTH="30" HEIGHT="25">
						<String ID="P43_ST00003" HPOS="960" VPOS="78" WIDTH="30" HEIGHT="25" CONTENT="27" WC="1.00" CC="00"/>
					</TextLine>
				</TextBlock>
			</TopMargin>
			<LeftMargin ID="P43_LM00001" HPOS="0" VPOS="104" WIDTH="111" HEIGHT="1445"/>
			<RightMargin ID="P43_RM00001" HPOS="991" VPOS="104" WIDTH="108" HEIGHT="1445"/>
			<BottomMargin ID="P43_BM00001" HPOS="0" VPOS="1549" WIDTH="1099" HEIGHT="135"/>
			<PrintSpace ID="P43_PS00001" HPOS="111" VPOS="104" WIDTH="880" HEIGHT="1445">
				<TextBlock ID="P43_TB00003" HPOS="115" VPOS="137" WIDTH="876" HEIGHT="321" STYLEREFS="TXT_0 PAR_LEFT">
					<TextLine ID="P43_TL00003" HPOS="154" VPOS="137" WIDTH="837" HEIGHT="42">
						<String ID="P43_ST00004" HPOS="154" VPOS="137" WIDTH="146" HEIGHT="28" CONTENT="Wherever" WC="0.69" CC="06020905"/>
						<SP ID="P43_SP00002" HPOS="300" VPOS="165" WIDTH="39"/>
						<String ID="P43_ST00005" HPOS="339" VPOS="142" WIDTH="46" HEIGHT="24" CONTENT="the" WC="0.81" CC="500"/>
						<SP ID="P43_SP00003" HPOS="385" VPOS="166" WIDTH="37"/>
						<String ID="P43_ST00006" HPOS="422" VPOS="143" WIDTH="133" HEIGHT="24" CONTENT="Normans" WC="0.76" CC="0040075"/>
						<SP ID="P43_SP00004" HPOS="555" VPOS="167" WIDTH="36"/>
						<String ID="P43_ST00007" HPOS="591" VPOS="143" WIDTH="126" HEIGHT="25" CONTENT="intended" WC="0.77" CC="08306000"/>
						<SP ID="P43_SP00005" HPOS="717" VPOS="168" WIDTH="36"/>
						<String ID="P43_ST00008" HPOS="753" VPOS="147" WIDTH="28" HEIGHT="21" CONTENT="to" WC="0.78" CC="40"/>
						<SP ID="P43_SP00006" HPOS="781" VPOS="168" WIDTH="34"/>
						<String ID="P43_ST00009" HPOS="815" VPOS="146" WIDTH="77" HEIGHT="24" CONTENT="settle" WC="0.82" CC="500500"/>
						<SP ID="P43_SP00007" HPOS="892" VPOS="170" WIDTH="38"/>
						<String ID="P43_ST00010" HPOS="930" VPOS="147" WIDTH="61" HEIGHT="32" CONTENT="they" WC="0.38" CC="5459"/>
					</TextLine>
					<TextLine ID="P43_TL00004" HPOS="117" VPOS="181" WIDTH="874" HEIGHT="35">
						<String ID="P43_ST00011" HPOS="117" VPOS="181" WIDTH="192" HEIGHT="31" CONTENT="strengthened" WC="0.81" CC="070020660000"/>
						<SP ID="P43_SP00008" HPOS="309" VPOS="212" WIDTH="14"/>
						<String ID="P43_ST00012" HPOS="323" VPOS="182" WIDTH="155" HEIGHT="25" CONTENT="themselves" WC="0.61" CC="4009700907"/>
						<SP ID="P43_SP00009" HPOS="478" VPOS="212" WIDTH="21"/>
						<String ID="P43_ST00013" HPOS="499" VPOS="184" WIDTH="33" HEIGHT="32" CONTENT="by" WC="0.95" CC="00"/>
						<SP ID="P43_SP00010" HPOS="532" VPOS="216" WIDTH="14"/>
						<String ID="P43_ST00014" HPOS="546" VPOS="184" WIDTH="45" HEIGHT="24" CONTENT="the" WC="0.84" CC="310"/>
						<SP ID="P43_SP00011" HPOS="591" VPOS="216" WIDTH="13"/>
						<String ID="P43_ST00015" HPOS="604" VPOS="184" WIDTH="121" HEIGHT="32" CONTENT="building" WC="0.83" CC="76000000"/>
						<SP ID="P43_SP00012" HPOS="725" VPOS="216" WIDTH="13"/>
						<String ID="P43_ST00016" HPOS="738" VPOS="185" WIDTH="26" HEIGHT="23" CONTENT="of" WC="0.81" CC="03"/>
						<SP ID="P43_SP00013" HPOS="764" VPOS="216" WIDTH="22"/>
						<String ID="P43_ST00017" HPOS="786" VPOS="186" WIDTH="100" HEIGHT="24" CONTENT="castles." WC="0.76" CC="06120042"/>
						<SP ID="P43_SP00014" HPOS="886" VPOS="216" WIDTH="39"/>
						<String ID="P43_ST00018" HPOS="925" VPOS="188" WIDTH="38" HEIGHT="23" CONTENT="As" WC="0.72" CC="05"/>
						<SP ID="P43_SP00015" HPOS="963" VPOS="216" WIDTH="14"/>
						<String ID="P43_ST00019" HPOS="977" VPOS="196" WIDTH="14" HEIGHT="15" CONTENT="a" WC="1.00" CC="0"/>
					</TextLine>
					<TextLine ID="P43_TL00005" HPOS="116" VPOS="220" WIDTH="875" HEIGHT="37">
						<String ID="P43_ST00020" HPOS="116" VPOS="220" WIDTH="57" HEIGHT="24" CONTENT="rule" WC="0.70" CC="5500"/>
						<SP ID="P43_SP00016" HPOS="173" VPOS="244" WIDTH="13"/>
						<String ID="P43_ST00021" HPOS="186" VPOS="221" WIDTH="65" HEIGHT="32" CONTENT="they" WC="0.72" CC="4600"/>
						<SP ID="P43_SP00017" HPOS="251" VPOS="253" WIDTH="12"/>
						<String ID="P43_ST00022" HPOS="263" VPOS="222" WIDTH="75" HEIGHT="24" CONTENT="made" WC="0.76" CC="0090"/>
						<SP ID="P43_SP00018" HPOS="338" VPOS="253" WIDTH="10"/>
						<String ID="P43_ST00023" HPOS="348" VPOS="232" WIDTH="44" HEIGHT="15" CONTENT="use" WC="0.55" CC="670"/>
						<SP ID="P43_SP00019" HPOS="392" VPOS="253" WIDTH="11"/>
						<String ID="P43_ST00024" HPOS="403" VPOS="223" WIDTH="26" HEIGHT="25" CONTENT="of" WC="0.92" CC="10"/>
						<SP ID="P43_SP00020" HPOS="429" VPOS="253" WIDTH="10"/>
						<String ID="P43_ST00025" HPOS="439" VPOS="224" WIDTH="85" HEIGHT="32" CONTENT="places" WC="0.82" CC="007002"/>
						<SP ID="P43_SP00021" HPOS="524" VPOS="256" WIDTH="10"/>
						<String ID="P43_ST00026" HPOS="534" VPOS="224" WIDTH="86" HEIGHT="25" CONTENT="where" WC="0.80" CC="90000"/>
						<SP ID="P43_SP00022" HPOS="620" VPOS="256" WIDTH="13"/>
						<String ID="P43_ST00027" HPOS="633" VPOS="225" WIDTH="106" HEIGHT="32" CONTENT="already" WC="0.84" CC="0406000"/>
						<SP ID="P43_SP00023" HPOS="739" VPOS="257" WIDTH="14"/>
						<String ID="P43_ST00028" HPOS="753" VPOS="225" WIDTH="94" HEIGHT="31" CONTENT="Saxon," WC="0.72" CC="690000"/>
						<SP ID="P43_SP00024" HPOS="847" VPOS="257" WIDTH="15"/>
						<String ID="P43_ST00029" HPOS="862" VPOS="227" WIDTH="51" HEIGHT="24" CONTENT="and" WC="1.00" CC="000"/>
						<SP ID="P43_SP00025" HPOS="913" VPOS="257" WIDTH="13"/>
						<String ID="P43_ST00030" HPOS="926" VPOS="236" WIDTH="65" HEIGHT="16" CONTENT="even" WC="0.88" CC="0040"/>
					</TextLine>
					<TextLine ID="P43_TL00006" HPOS="117" VPOS="260" WIDTH="873" HEIGHT="39">
						<String ID="P43_ST00031" HPOS="117" VPOS="260" WIDTH="105" HEIGHT="25" CONTENT="Roman" WC="0.57" CC="74090"/>
						<SP ID="P43_SP00026" HPOS="222" VPOS="285" WIDTH="18"/>
						<String ID="P43_ST00032" HPOS="240" VPOS="262" WIDTH="144" HEIGHT="32" CONTENT="fortresses," WC="0.76" CC="00462060050"/>
						<SP ID="P43_SP00027" HPOS="384" VPOS="294" WIDTH="18"/>
						<String ID="P43_ST00033" HPOS="402" VPOS="264" WIDTH="53" HEIGHT="25" CONTENT="had" WC="0.99" CC="000"/>
						<SP ID="P43_SP00028" HPOS="455" VPOS="294" WIDTH="20"/>
						<String ID="P43_ST00034" HPOS="475" VPOS="265" WIDTH="75" HEIGHT="24" CONTENT="stood" WC="0.80" CC="26000"/>
						<String ID="P43_ST00035" HPOS="552" VPOS="281" WIDTH="33" HEIGHT="2" CONTENT="—" WC="0.20" CC="8"/>
						<String ID="P43_ST00036" HPOS="588" VPOS="265" WIDTH="88" HEIGHT="25" CONTENT="Dover" WC="0.59" CC="72900"/>
						<SP ID="P43_SP00029" HPOS="676" VPOS="294" WIDTH="18"/>
						<String ID="P43_ST00037" HPOS="694" VPOS="265" WIDTH="95" HEIGHT="30" CONTENT="Castle," WC="0.76" CC="6054000"/>
						<SP ID="P43_SP00030" HPOS="789" VPOS="295" WIDTH="15"/>
						<String ID="P43_ST00038" HPOS="804" VPOS="267" WIDTH="41" HEIGHT="23" CONTENT="for" WC="0.66" CC="054"/>
						<SP ID="P43_SP00031" HPOS="845" VPOS="295" WIDTH="19"/>
						<String ID="P43_ST00039" HPOS="864" VPOS="268" WIDTH="126" HEIGHT="31" CONTENT="instance," WC="0.82" CC="600107000"/>
					</TextLine>
					<TextLine ID="P43_TL00007" HPOS="117" VPOS="303" WIDTH="874" HEIGHT="32">
						<String ID="P43_ST00040" HPOS="117" VPOS="310" WIDTH="54" HEIGHT="16" CONTENT="was" WC="0.83" CC="005"/>
						<SP ID="P43_SP00032" HPOS="171" VPOS="326" WIDTH="13"/>
						<String ID="P43_ST00041" HPOS="184" VPOS="311" WIDTH="34" HEIGHT="15" CONTENT="on" WC="0.72" CC="50"/>
						<SP ID="P43_SP00033" HPOS="218" VPOS="326" WIDTH="13"/>
						<String ID="P43_ST00042" HPOS="231" VPOS="312" WIDTH="15" HEIGHT="14" CONTENT="a" WC="0.42" CC="5"/>
						<SP ID="P43_SP00034" HPOS="246" VPOS="326" WIDTH="14"/>
						<String ID="P43_ST00043" HPOS="260" VPOS="303" WIDTH="88" HEIGHT="25" CONTENT="Saxon" WC="0.62" CC="79002"/>
						<SP ID="P43_SP00035" HPOS="348" VPOS="328" WIDTH="13"/>
						<String ID="P43_ST00044" HPOS="361" VPOS="305" WIDTH="56" HEIGHT="30" CONTENT="site," WC="0.93" CC="10200"/>
						<SP ID="P43_SP00036" HPOS="417" VPOS="335" WIDTH="16"/>
						<String ID="P43_ST00045" HPOS="433" VPOS="306" WIDTH="52" HEIGHT="23" CONTENT="and" WC="0.79" CC="600"/>
						<SP ID="P43_SP00037" HPOS="485" VPOS="335" WIDTH="14"/>
						<String ID="P43_ST00046" HPOS="499" VPOS="306" WIDTH="45" HEIGHT="23" CONTENT="the" WC="0.73" CC="411"/>
						<SP ID="P43_SP00038" HPOS="544" VPOS="335" WIDTH="9"/>
						<String ID="P43_ST00047" HPOS="553" VPOS="306" WIDTH="100" HEIGHT="23" CONTENT="Saxons" WC="0.63" CC="600383"/>
						<SP ID="P43_SP00039" HPOS="653" VPOS="335" WIDTH="13"/>
						<String ID="P43_ST00048" HPOS="666" VPOS="306" WIDTH="52" HEIGHT="24" CONTENT="had" WC="0.79" CC="600"/>
						<SP ID="P43_SP00040" HPOS="718" VPOS="335" WIDTH="13"/>
						<String ID="P43_ST00049" HPOS="731" VPOS="306" WIDTH="69" HEIGHT="24" CONTENT="built" WC="0.62" CC="53009"/>
						<SP ID="P43_SP00041" HPOS="800" VPOS="335" WIDTH="13"/>
						<String ID="P43_ST00050" HPOS="813" VPOS="316" WIDTH="34" HEIGHT="15" CONTENT="on" WC="0.81" CC="03"/>
						<SP ID="P43_SP00042" HPOS="847" VPOS="335" WIDTH="12"/>
						<String ID="P43_ST00051" HPOS="859" VPOS="317" WIDTH="16" HEIGHT="14" CONTENT="a" WC="1.00" CC="0"/>
						<SP ID="P43_SP00043" HPOS="875" VPOS="335" WIDTH="13"/>
						<String ID="P43_ST00052" HPOS="888" VPOS="308" WIDTH="103" HEIGHT="25" CONTENT="Roman" WC="0.73" CC="60007"/>
					</TextLine>
					<TextLine ID="P43_TL00008" HPOS="115" VPOS="342" WIDTH="875" HEIGHT="40">
						<String ID="P43_ST00053" HPOS="115" VPOS="342" WIDTH="56" HEIGHT="25" CONTENT="site." WC="0.72" CC="60700"/>
						<SP ID="P43_SP00044" HPOS="171" VPOS="367" WIDTH="41"/>
						<String ID="P43_ST00054" HPOS="212" VPOS="344" WIDTH="145" HEIGHT="25" CONTENT="Rochester" WC="0.64" CC="605705402"/>
						<SP ID="P43_SP00045" HPOS="357" VPOS="369" WIDTH="22"/>
						<String ID="P43_ST00055" HPOS="379" VPOS="354" WIDTH="53" HEIGHT="15" CONTENT="was" WC="0.57" CC="902"/>
						<SP ID="P43_SP00046" HPOS="432" VPOS="369" WIDTH="24"/>
						<String ID="P43_ST00056" HPOS="456" VPOS="346" WIDTH="47" HEIGHT="24" CONTENT="the" WC="0.88" CC="300"/>
						<SP ID="P43_SP00047" HPOS="503" VPOS="370" WIDTH="24"/>
						<String ID="P43_ST00057" HPOS="527" VPOS="355" WIDTH="76" HEIGHT="16" CONTENT="same." WC="0.90" CC="50000"/>
						<SP ID="P43_SP00048" HPOS="603" VPOS="371" WIDTH="40"/>
						<String ID="P43_ST00058" HPOS="643" VPOS="347" WIDTH="146" HEIGHT="31" CONTENT="Allington," WC="0.83" CC="0602800000"/>
						<SP ID="P43_SP00049" HPOS="789" VPOS="378" WIDTH="28"/>
						<String ID="P43_ST00059" HPOS="817" VPOS="348" WIDTH="173" HEIGHT="34" CONTENT="Canterbury," WC="0.61" CC="70720776500"/>
					</TextLine>
					<TextLine ID="P43_TL00009" HPOS="120" VPOS="383" WIDTH="868" HEIGHT="31">
						<String ID="P43_ST00060" HPOS="120" VPOS="383" WIDTH="129" HEIGHT="30" CONTENT="Chilham," WC="0.88" CC="40000040"/>
						<SP ID="P43_SP00050" HPOS="249" VPOS="413" WIDTH="33"/>
						<String ID="P43_ST00061" HPOS="282" VPOS="385" WIDTH="53" HEIGHT="24" CONTENT="and" WC="1.00" CC="000"/>
						<SP ID="P43_SP00051" HPOS="335" VPOS="413" WIDTH="31"/>
						<String ID="P43_ST00062" HPOS="366" VPOS="385" WIDTH="157" HEIGHT="26" CONTENT="Folkestone" WC="0.76" CC="6030040450"/>
						<SP ID="P43_SP00052" HPOS="523" VPOS="413" WIDTH="31"/>
						<String ID="P43_ST00063" HPOS="554" VPOS="395" WIDTH="67" HEIGHT="16" CONTENT="were" WC="0.75" CC="9000"/>
						<SP ID="P43_SP00053" HPOS="621" VPOS="413" WIDTH="30"/>
						<String ID="P43_ST00064" HPOS="651" VPOS="387" WIDTH="69" HEIGHT="24" CONTENT="built" WC="0.71" CC="70105"/>
						<SP ID="P43_SP00054" HPOS="720" VPOS="413" WIDTH="31"/>
						<String ID="P43_ST00065" HPOS="751" VPOS="396" WIDTH="33" HEIGHT="15" CONTENT="on" WC="1.00" CC="00"/>
						<SP ID="P43_SP00055" HPOS="784" VPOS="413" WIDTH="25"/>
						<String ID="P43_ST00066" HPOS="809" VPOS="388" WIDTH="87" HEIGHT="25" CONTENT="Saxon" WC="0.53" CC="77008"/>
						<SP ID="P43_SP00056" HPOS="896" VPOS="413" WIDTH="24"/>
						<String ID="P43_ST00067" HPOS="920" VPOS="390" WIDTH="68" HEIGHT="24" CONTENT="sites." WC="0.92" CC="103000"/>
					</TextLine>
					<TextLine ID="P43_TL00010" HPOS="121" VPOS="424" WIDTH="733" HEIGHT="34">
						<String ID="P43_ST00068" HPOS="121" VPOS="424" WIDTH="149" HEIGHT="32" CONTENT="Eynesford" WC="0.66" CC="198050050"/>
						<SP ID="P43_SP00057" HPOS="270" VPOS="456" WIDTH="13"/>
						<String ID="P43_ST00069" HPOS="283" VPOS="426" WIDTH="52" HEIGHT="24" CONTENT="and" WC="0.46" CC="960"/>
						<SP ID="P43_SP00058" HPOS="335" VPOS="456" WIDTH="14"/>
						<String ID="P43_ST00070" HPOS="349" VPOS="427" WIDTH="73" HEIGHT="31" CONTENT="Tong" WC="0.88" CC="0400"/>
						<SP ID="P43_SP00059" HPOS="422" VPOS="458" WIDTH="12"/>
						<String ID="P43_ST00071" HPOS="434" VPOS="435" WIDTH="67" HEIGHT="16" CONTENT="were" WC="0.65" CC="9030"/>
						<SP ID="P43_SP00060" HPOS="501" VPOS="458" WIDTH="13"/>
						<String ID="P43_ST00072" HPOS="514" VPOS="427" WIDTH="128" HEIGHT="31" CONTENT="probably" WC="0.86" CC="05005000"/>
						<SP ID="P43_SP00061" HPOS="642" VPOS="458" WIDTH="12"/>
						<String ID="P43_ST00073" HPOS="654" VPOS="436" WIDTH="63" HEIGHT="22" CONTENT="pure" WC="0.77" CC="0440"/>
						<SP ID="P43_SP00062" HPOS="717" VPOS="458" WIDTH="14"/>
						<String ID="P43_ST00074" HPOS="731" VPOS="428" WIDTH="123" HEIGHT="25" CONTENT="Norman." WC="0.60" CC="9309040"/>
					</TextLine>
				</TextBlock>
				<TextBlock ID="P43_TB00004" HPOS="119" VPOS="464" WIDTH="872" HEIGHT="147" STYLEREFS="TXT_0 PAR_LEFT">
					<TextLine ID="P43_TL00011" HPOS="157" VPOS="465" WIDTH="834" HEIGHT="34">
						<String ID="P43_ST00075" HPOS="157" VPOS="465" WIDTH="54" HEIGHT="24" CONTENT="The" WC="0.60" CC="074"/>
						<SP ID="P43_SP00063" HPOS="211" VPOS="489" WIDTH="23"/>
						<String ID="P43_ST00076" HPOS="234" VPOS="466" WIDTH="97" HEIGHT="24" CONTENT="church" WC="0.70" CC="063007"/>
						<SP ID="P43_SP00064" HPOS="331" VPOS="490" WIDTH="14"/>
						<String ID="P43_ST00077" HPOS="345" VPOS="467" WIDTH="90" HEIGHT="32" CONTENT="people" WC="0.85" CC="000900"/>
						<SP ID="P43_SP00065" HPOS="435" VPOS="499" WIDTH="18"/>
						<String ID="P43_ST00078" HPOS="453" VPOS="470" WIDTH="44" HEIGHT="21" CONTENT="too" WC="1.00" CC="000"/>
						<SP ID="P43_SP00066" HPOS="497" VPOS="499" WIDTH="19"/>
						<String ID="P43_ST00079" HPOS="516" VPOS="476" WIDTH="66" HEIGHT="15" CONTENT="were" WC="0.66" CC="9030"/>
						<SP ID="P43_SP00067" HPOS="582" VPOS="499" WIDTH="18"/>
						<String ID="P43_ST00080" HPOS="600" VPOS="468" WIDTH="85" HEIGHT="24" CONTENT="active" WC="0.72" CC="005090"/>
						<SP ID="P43_SP00068" HPOS="685" VPOS="499" WIDTH="19"/>
						<String ID="P43_ST00081" HPOS="704" VPOS="467" WIDTH="122" HEIGHT="32" CONTENT="builders," WC="0.86" CC="601000003"/>
						<SP ID="P43_SP00069" HPOS="826" VPOS="499" WIDTH="16"/>
						<String ID="P43_ST00082" HPOS="842" VPOS="469" WIDTH="51" HEIGHT="25" CONTENT="and" WC="0.85" CC="004"/>
						<SP ID="P43_SP00070" HPOS="893" VPOS="499" WIDTH="14"/>
						<String ID="P43_ST00083" HPOS="907" VPOS="472" WIDTH="28" HEIGHT="22" CONTENT="to" WC="0.76" CC="31"/>
						<SP ID="P43_SP00071" HPOS="935" VPOS="499" WIDTH="12"/>
						<String ID="P43_ST00084" HPOS="947" VPOS="471" WIDTH="44" HEIGHT="23" CONTENT="the" WC="0.57" CC="570"/>
					</TextLine>
					<TextLine ID="P43_TL00012" HPOS="121" VPOS="505" WIDTH="870" HEIGHT="37">
						<String ID="P43_ST00085" HPOS="121" VPOS="505" WIDTH="119" HEIGHT="24" CONTENT="Norman" WC="0.94" CC="003000"/>
						<SP ID="P43_SP00072" HPOS="240" VPOS="529" WIDTH="23"/>
						<String ID="P43_ST00086" HPOS="263" VPOS="507" WIDTH="91" HEIGHT="31" CONTENT="period" WC="0.78" CC="004260"/>
						<SP ID="P43_SP00073" HPOS="354" VPOS="538" WIDTH="22"/>
						<String ID="P43_ST00087" HPOS="376" VPOS="516" WIDTH="38" HEIGHT="15" CONTENT="we" WC="1.00" CC="00"/>
						<SP ID="P43_SP00074" HPOS="414" VPOS="538" WIDTH="21"/>
						<String ID="P43_ST00088" HPOS="435" VPOS="516" WIDTH="61" HEIGHT="24" CONTENT="may" WC="0.68" CC="009"/>
						<SP ID="P43_SP00075" HPOS="496" VPOS="540" WIDTH="18"/>
						<String ID="P43_ST00089" HPOS="514" VPOS="507" WIDTH="62" HEIGHT="25" CONTENT="date" WC="0.83" CC="0600"/>
						<SP ID="P43_SP00076" HPOS="576" VPOS="540" WIDTH="21"/>
						<String ID="P43_ST00090" HPOS="597" VPOS="508" WIDTH="166" HEIGHT="32" CONTENT="Canterbury" WC="0.69" CC="3905060300"/>
						<SP ID="P43_SP00077" HPOS="763" VPOS="540" WIDTH="19"/>
						<String ID="P43_ST00091" HPOS="782" VPOS="509" WIDTH="99" HEIGHT="33" CONTENT="Priory," WC="0.55" CC="7602490"/>
						<SP ID="P43_SP00078" HPOS="881" VPOS="542" WIDTH="16"/>
						<String ID="P43_ST00092" HPOS="897" VPOS="510" WIDTH="94" HEIGHT="24" CONTENT="Lesnes" WC="0.78" CC="206102"/>
					</TextLine>
					<TextLine ID="P43_TL00013" HPOS="121" VPOS="545" WIDTH="870" HEIGHT="35">
						<String ID="P43_ST00093" HPOS="121" VPOS="545" WIDTH="102" HEIGHT="33" CONTENT="Priory," WC="0.72" CC="7510400"/>
						<SP ID="P43_SP00079" HPOS="223" VPOS="578" WIDTH="27"/>
						<String ID="P43_ST00094" HPOS="250" VPOS="547" WIDTH="52" HEIGHT="24" CONTENT="and" WC="1.00" CC="000"/>
						<SP ID="P43_SP00080" HPOS="302" VPOS="578" WIDTH="26"/>
						<String ID="P43_ST00095" HPOS="328" VPOS="548" WIDTH="74" HEIGHT="23" CONTENT="those" WC="0.85" CC="05020"/>
						<SP ID="P43_SP00081" HPOS="402" VPOS="578" WIDTH="31"/>
						<String ID="P43_ST00096" HPOS="433" VPOS="551" WIDTH="28" HEIGHT="20" CONTENT="at" WC="0.72" CC="05"/>
						<SP ID="P43_SP00082" HPOS="461" VPOS="578" WIDTH="32"/>
						<String ID="P43_ST00097" HPOS="493" VPOS="548" WIDTH="107" HEIGHT="32" CONTENT="Boxley," WC="0.78" CC="6800000"/>
						<SP ID="P43_SP00083" HPOS="600" VPOS="580" WIDTH="34"/>
						<String ID="P43_ST00098" HPOS="634" VPOS="549" WIDTH="93" HEIGHT="28" CONTENT="Dover," WC="0.66" CC="709003"/>
						<SP ID="P43_SP00084" HPOS="727" VPOS="580" WIDTH="34"/>
						<String ID="P43_ST00099" HPOS="761" VPOS="549" WIDTH="150" HEIGHT="31" CONTENT="Rochester," WC="0.60" CC="6206070592"/>
						<SP ID="P43_SP00085" HPOS="911" VPOS="580" WIDTH="29"/>
						<String ID="P43_ST00100" HPOS="940" VPOS="550" WIDTH="51" HEIGHT="25" CONTENT="and" WC="0.88" CC="030"/>
					</TextLine>
					<TextLine ID="P43_TL00014" HPOS="119" VPOS="586" WIDTH="167" HEIGHT="25">
						<String ID="P43_ST00101" HPOS="119" VPOS="586" WIDTH="167" HEIGHT="25" CONTENT="Faversham." WC="0.71" CC="7390003301"/>
					</TextLine>
				</TextBlock>
				<TextBlock ID="P43_TB00005" HPOS="116" VPOS="626" WIDTH="873" HEIGHT="276" STYLEREFS="TXT_0 PAR_LEFT">
					<TextLine ID="P43_TL00015" HPOS="156" VPOS="626" WIDTH="833" HEIGHT="35">
						<String ID="P43_ST00102" HPOS="156" VPOS="626" WIDTH="87" HEIGHT="26" CONTENT="When" WC="0.68" CC="0507"/>
						<SP ID="P43_SP00086" HPOS="243" VPOS="652" WIDTH="13"/>
						<String ID="P43_ST00103" HPOS="256" VPOS="637" WIDTH="52" HEIGHT="23" CONTENT="you" WC="0.36" CC="926"/>
						<SP ID="P43_SP00087" HPOS="308" VPOS="660" WIDTH="15"/>
						<String ID="P43_ST00104" HPOS="323" VPOS="637" WIDTH="39" HEIGHT="15" CONTENT="see" WC="0.96" CC="100"/>
						<SP ID="P43_SP00088" HPOS="362" VPOS="660" WIDTH="15"/>
						<String ID="P43_ST00105" HPOS="377" VPOS="629" WIDTH="72" HEIGHT="23" CONTENT="ruins" WC="0.81" CC="30006"/>
						<SP ID="P43_SP00089" HPOS="449" VPOS="660" WIDTH="11"/>
						<String ID="P43_ST00106" HPOS="460" VPOS="629" WIDTH="26" HEIGHT="24" CONTENT="of" WC="0.43" CC="28"/>
						<SP ID="P43_SP00090" HPOS="486" VPOS="660" WIDTH="13"/>
						<String ID="P43_ST00107" HPOS="499" VPOS="628" WIDTH="133" HEIGHT="32" CONTENT="buildings" WC="0.70" CC="707500007"/>
						<SP ID="P43_SP00091" HPOS="632" VPOS="660" WIDTH="11"/>
						<String ID="P43_ST00108" HPOS="643" VPOS="628" WIDTH="26" HEIGHT="25" CONTENT="of" WC="0.74" CC="50"/>
						<SP ID="P43_SP00092" HPOS="669" VPOS="660" WIDTH="13"/>
						<String ID="P43_ST00109" HPOS="682" VPOS="629" WIDTH="52" HEIGHT="24" CONTENT="this" WC="0.66" CC="0606"/>
						<SP ID="P43_SP00093" HPOS="734" VPOS="660" WIDTH="13"/>
						<String ID="P43_ST00110" HPOS="747" VPOS="629" WIDTH="64" HEIGHT="25" CONTENT="kind" WC="0.81" CC="0007"/>
						<SP ID="P43_SP00094" HPOS="811" VPOS="660" WIDTH="14"/>
						<String ID="P43_ST00111" HPOS="825" VPOS="638" WIDTH="50" HEIGHT="23" CONTENT="you" WC="0.75" CC="006"/>
						<SP ID="P43_SP00095" HPOS="875" VPOS="661" WIDTH="14"/>
						<String ID="P43_ST00112" HPOS="889" VPOS="630" WIDTH="100" HEIGHT="25" CONTENT="become" WC="1.00" CC="000000"/>
					</TextLine>
					<TextLine ID="P43_TL00016" HPOS="119" VPOS="667" WIDTH="870" HEIGHT="37">
						<String ID="P43_ST00113" HPOS="119" VPOS="667" WIDTH="99" HEIGHT="33" CONTENT="doubly" WC="0.58" CC="015718"/>
						<SP ID="P43_SP00096" HPOS="218" VPOS="700" WIDTH="13"/>
						<String ID="P43_ST00114" HPOS="231" VPOS="669" WIDTH="145" HEIGHT="24" CONTENT="interested" WC="0.77" CC="0500406220"/>
						<SP ID="P43_SP00097" HPOS="376" VPOS="700" WIDTH="13"/>
						<String ID="P43_ST00115" HPOS="389" VPOS="669" WIDTH="76" HEIGHT="24" CONTENT="when" WC="0.74" CC="0144"/>
						<SP ID="P43_SP00098" HPOS="465" VPOS="700" WIDTH="12"/>
						<String ID="P43_ST00116" HPOS="477" VPOS="677" WIDTH="51" HEIGHT="24" CONTENT="you" WC="0.64" CC="046"/>
						<SP ID="P43_SP00099" HPOS="528" VPOS="701" WIDTH="13"/>
						<String ID="P43_ST00117" HPOS="541" VPOS="669" WIDTH="77" HEIGHT="24" CONTENT="know" WC="0.83" CC="0600"/>
						<SP ID="P43_SP00100" HPOS="618" VPOS="701" WIDTH="8"/>
						<String ID="P43_ST00118" HPOS="626" VPOS="670" WIDTH="104" HEIGHT="31" CONTENT="exactly" WC="0.72" CC="0000539"/>
						<SP ID="P43_SP00101" HPOS="730" VPOS="701" WIDTH="13"/>
						<String ID="P43_ST00119" HPOS="743" VPOS="672" WIDTH="28" HEIGHT="21" CONTENT="at" WC="0.83" CC="03"/>
						<SP ID="P43_SP00102" HPOS="771" VPOS="701" WIDTH="13"/>
						<String ID="P43_ST00120" HPOS="784" VPOS="671" WIDTH="71" HEIGHT="22" CONTENT="what" WC="0.70" CC="0605"/>
						<SP ID="P43_SP00103" HPOS="855" VPOS="701" WIDTH="13"/>
						<String ID="P43_ST00121" HPOS="868" VPOS="674" WIDTH="59" HEIGHT="28" CONTENT="part" WC="0.88" CC="0003"/>
						<SP ID="P43_SP00104" HPOS="927" VPOS="702" WIDTH="13"/>
						<String ID="P43_ST00122" HPOS="940" VPOS="680" WIDTH="49" HEIGHT="24" CONTENT="you" WC="0.71" CC="043"/>
					</TextLine>
					<TextLine ID="P43_TL00017" HPOS="119" VPOS="709" WIDTH="870" HEIGHT="35">
						<String ID="P43_ST00123" HPOS="119" VPOS="717" WIDTH="44" HEIGHT="15" CONTENT="are" WC="0.68" CC="710"/>
						<SP ID="P43_SP00105" HPOS="163" VPOS="732" WIDTH="26"/>
						<String ID="P43_ST00124" HPOS="189" VPOS="709" WIDTH="114" HEIGHT="33" CONTENT="looking," WC="0.87" CC="00000072"/>
						<SP ID="P43_SP00106" HPOS="303" VPOS="742" WIDTH="16"/>
						<String ID="P43_ST00125" HPOS="319" VPOS="709" WIDTH="53" HEIGHT="24" CONTENT="and" WC="1.00" CC="000"/>
						<SP ID="P43_SP00107" HPOS="372" VPOS="742" WIDTH="18"/>
						<String ID="P43_ST00126" HPOS="390" VPOS="709" WIDTH="54" HEIGHT="24" CONTENT="this" WC="0.61" CC="2452"/>
						<SP ID="P43_SP00108" HPOS="444" VPOS="742" WIDTH="20"/>
						<String ID="P43_ST00127" HPOS="464" VPOS="710" WIDTH="22" HEIGHT="23" CONTENT="is" WC="0.67" CC="15"/>
						<SP ID="P43_SP00109" HPOS="486" VPOS="742" WIDTH="22"/>
						<String ID="P43_ST00128" HPOS="508" VPOS="709" WIDTH="111" HEIGHT="24" CONTENT="difficult" WC="0.92" CC="000000105"/>
						<SP ID="P43_SP00110" HPOS="619" VPOS="742" WIDTH="22"/>
						<String ID="P43_ST00129" HPOS="641" VPOS="712" WIDTH="28" HEIGHT="22" CONTENT="to" WC="0.65" CC="24"/>
						<SP ID="P43_SP00111" HPOS="669" VPOS="742" WIDTH="18"/>
						<String ID="P43_ST00130" HPOS="687" VPOS="710" WIDTH="75" HEIGHT="24" CONTENT="make" WC="0.62" CC="9500"/>
						<SP ID="P43_SP00112" HPOS="762" VPOS="742" WIDTH="20"/>
						<String ID="P43_ST00131" HPOS="782" VPOS="714" WIDTH="46" HEIGHT="20" CONTENT="out" WC="0.64" CC="055"/>
						<SP ID="P43_SP00113" HPOS="828" VPOS="742" WIDTH="14"/>
						<String ID="P43_ST00132" HPOS="842" VPOS="711" WIDTH="86" HEIGHT="24" CONTENT="unless" WC="0.67" CC="036532"/>
						<SP ID="P43_SP00114" HPOS="928" VPOS="742" WIDTH="13"/>
						<String ID="P43_ST00133" HPOS="941" VPOS="720" WIDTH="48" HEIGHT="24" CONTENT="you" WC="0.80" CC="005"/>
					</TextLine>
					<TextLine ID="P43_TL00018" HPOS="118" VPOS="749" WIDTH="871" HEIGHT="35">
						<String ID="P43_ST00134" HPOS="118" VPOS="749" WIDTH="78" HEIGHT="24" CONTENT="know" WC="0.93" CC="0100"/>
						<SP ID="P43_SP00115" HPOS="196" VPOS="773" WIDTH="14"/>
						<String ID="P43_ST00135" HPOS="210" VPOS="751" WIDTH="147" HEIGHT="31" CONTENT="something" WC="0.86" CC="003016000"/>
						<SP ID="P43_SP00116" HPOS="357" VPOS="782" WIDTH="14"/>
						<String ID="P43_ST00136" HPOS="371" VPOS="750" WIDTH="80" HEIGHT="24" CONTENT="about" WC="0.75" CC="01046"/>
						<SP ID="P43_SP00117" HPOS="451" VPOS="782" WIDTH="13"/>
						<String ID="P43_ST00137" HPOS="464" VPOS="750" WIDTH="46" HEIGHT="24" CONTENT="the" WC="0.83" CC="050"/>
						<SP ID="P43_SP00118" HPOS="510" VPOS="782" WIDTH="13"/>
						<String ID="P43_ST00138" HPOS="523" VPOS="753" WIDTH="182" HEIGHT="28" CONTENT="arrangement" WC="0.66" CC="80097003070"/>
						<SP ID="P43_SP00119" HPOS="705" VPOS="782" WIDTH="13"/>
						<String ID="P43_ST00139" HPOS="718" VPOS="751" WIDTH="27" HEIGHT="23" CONTENT="of" WC="0.64" CC="70"/>
						<SP ID="P43_SP00120" HPOS="745" VPOS="782" WIDTH="19"/>
						<String ID="P43_ST00140" HPOS="764" VPOS="751" WIDTH="116" HEIGHT="24" CONTENT="Norman" WC="0.82" CC="009000"/>
						<SP ID="P43_SP00121" HPOS="880" VPOS="782" WIDTH="14"/>
						<String ID="P43_ST00141" HPOS="894" VPOS="752" WIDTH="95" HEIGHT="32" CONTENT="abbeys" WC="0.80" CC="022006"/>
					</TextLine>
					<TextLine ID="P43_TL00019" HPOS="118" VPOS="790" WIDTH="871" HEIGHT="33">
						<String ID="P43_ST00142" HPOS="118" VPOS="790" WIDTH="54" HEIGHT="24" CONTENT="and" WC="0.65" CC="540"/>
						<SP ID="P43_SP00122" HPOS="172" VPOS="814" WIDTH="13"/>
						<String ID="P43_ST00143" HPOS="185" VPOS="791" WIDTH="100" HEIGHT="23" CONTENT="castles." WC="0.84" CC="00900020"/>
						<SP ID="P43_SP00123" HPOS="285" VPOS="814" WIDTH="40"/>
						<String ID="P43_ST00144" HPOS="325" VPOS="791" WIDTH="33" HEIGHT="23" CONTENT="So" WC="0.64" CC="70"/>
						<SP ID="P43_SP00124" HPOS="358" VPOS="814" WIDTH="14"/>
						<String ID="P43_ST00145" HPOS="372" VPOS="793" WIDTH="28" HEIGHT="21" CONTENT="to" WC="0.65" CC="24"/>
						<SP ID="P43_SP00125" HPOS="400" VPOS="814" WIDTH="17"/>
						<String ID="P43_ST00146" HPOS="417" VPOS="791" WIDTH="60" HEIGHT="31" CONTENT="help" WC="0.69" CC="3009"/>
						<SP ID="P43_SP00126" HPOS="477" VPOS="822" WIDTH="12"/>
						<String ID="P43_ST00147" HPOS="489" VPOS="799" WIDTH="51" HEIGHT="23" CONTENT="you" WC="0.79" CC="023"/>
						<SP ID="P43_SP00127" HPOS="540" VPOS="822" WIDTH="20"/>
						<String ID="P43_ST00148" HPOS="560" VPOS="791" WIDTH="14" HEIGHT="23" CONTENT="I" WC="0.75" CC="2"/>
						<SP ID="P43_SP00128" HPOS="574" VPOS="822" WIDTH="19"/>
						<String ID="P43_ST00149" HPOS="593" VPOS="791" WIDTH="66" HEIGHT="23" CONTENT="have" WC="0.60" CC="5090"/>
						<SP ID="P43_SP00129" HPOS="659" VPOS="822" WIDTH="13"/>
						<String ID="P43_ST00150" HPOS="672" VPOS="790" WIDTH="90" HEIGHT="24" CONTENT="drawn" WC="0.94" CC="03000"/>
						<SP ID="P43_SP00130" HPOS="762" VPOS="822" WIDTH="19"/>
						<String ID="P43_ST00151" HPOS="781" VPOS="793" WIDTH="51" HEIGHT="21" CONTENT="two" WC="0.94" CC="100"/>
						<SP ID="P43_SP00131" HPOS="832" VPOS="822" WIDTH="14"/>
						<String ID="P43_ST00152" HPOS="846" VPOS="792" WIDTH="80" HEIGHT="31" CONTENT="plans," WC="0.93" CC="000200"/>
						<SP ID="P43_SP00132" HPOS="926" VPOS="823" WIDTH="15"/>
						<String ID="P43_ST00153" HPOS="941" VPOS="800" WIDTH="48" HEIGHT="16" CONTENT="one" WC="1.00" CC="000"/>
					</TextLine>
					<TextLine ID="P43_TL00020" HPOS="117" VPOS="831" WIDTH="871" HEIGHT="33">
						<String ID="P43_ST00154" HPOS="117" VPOS="831" WIDTH="27" HEIGHT="23" CONTENT="of" WC="0.82" CC="30"/>
						<SP ID="P43_SP00133" HPOS="144" VPOS="854" WIDTH="13"/>
						<String ID="P43_ST00155" HPOS="157" VPOS="839" WIDTH="34" HEIGHT="15" CONTENT="an" WC="0.58" CC="08"/>
						<SP ID="P43_SP00134" HPOS="191" VPOS="854" WIDTH="13"/>
						<String ID="P43_ST00156" HPOS="204" VPOS="831" WIDTH="84" HEIGHT="33" CONTENT="abbey" WC="0.61" CC="76230"/>
						<SP ID="P43_SP00135" HPOS="288" VPOS="864" WIDTH="13"/>
						<String ID="P43_ST00157" HPOS="301" VPOS="831" WIDTH="54" HEIGHT="24" CONTENT="and" WC="0.89" CC="030"/>
						<SP ID="P43_SP00136" HPOS="355" VPOS="864" WIDTH="12"/>
						<String ID="P43_ST00158" HPOS="367" VPOS="839" WIDTH="48" HEIGHT="15" CONTENT="one" WC="1.00" CC="000"/>
						<SP ID="P43_SP00137" HPOS="415" VPOS="864" WIDTH="13"/>
						<String ID="P43_ST00159" HPOS="428" VPOS="831" WIDTH="27" HEIGHT="23" CONTENT="of" WC="1.00" CC="00"/>
						<SP ID="P43_SP00138" HPOS="455" VPOS="864" WIDTH="13"/>
						<String ID="P43_ST00160" HPOS="468" VPOS="839" WIDTH="15" HEIGHT="14" CONTENT="a" WC="0.01" CC="9"/>
						<SP ID="P43_SP00139" HPOS="483" VPOS="864" WIDTH="13"/>
						<String ID="P43_ST00161" HPOS="496" VPOS="831" WIDTH="87" HEIGHT="28" CONTENT="castle," WC="0.72" CC="0962000"/>
						<SP ID="P43_SP00140" HPOS="583" VPOS="864" WIDTH="15"/>
						<String ID="P43_ST00162" HPOS="598" VPOS="831" WIDTH="52" HEIGHT="23" CONTENT="and" WC="0.77" CC="060"/>
						<SP ID="P43_SP00141" HPOS="650" VPOS="864" WIDTH="13"/>
						<String ID="P43_ST00163" HPOS="663" VPOS="839" WIDTH="27" HEIGHT="15" CONTENT="as" WC="0.50" CC="90"/>
						<SP ID="P43_SP00142" HPOS="690" VPOS="864" WIDTH="14"/>
						<String ID="P43_ST00164" HPOS="704" VPOS="831" WIDTH="44" HEIGHT="23" CONTENT="the" WC="0.59" CC="570"/>
						<SP ID="P43_SP00143" HPOS="748" VPOS="864" WIDTH="13"/>
						<String ID="P43_ST00165" HPOS="761" VPOS="831" WIDTH="130" HEIGHT="24" CONTENT="Normans" WC="0.67" CC="0550064"/>
						<SP ID="P43_SP00144" HPOS="891" VPOS="864" WIDTH="14"/>
						<String ID="P43_ST00166" HPOS="905" VPOS="833" WIDTH="83" HEIGHT="31" CONTENT="rarely" WC="0.69" CC="404260"/>
					</TextLine>
					<TextLine ID="P43_TL00021" HPOS="118" VPOS="870" WIDTH="737" HEIGHT="32">
						<String ID="P43_ST00167" HPOS="118" VPOS="871" WIDTH="128" HEIGHT="31" CONTENT="departed" WC="0.93" CC="00005000"/>
						<SP ID="P43_SP00145" HPOS="246" VPOS="902" WIDTH="13"/>
						<String ID="P43_ST00168" HPOS="259" VPOS="871" WIDTH="67" HEIGHT="25" CONTENT="from" WC="0.92" CC="0030"/>
						<SP ID="P43_SP00146" HPOS="326" VPOS="902" WIDTH="14"/>
						<String ID="P43_ST00169" HPOS="340" VPOS="880" WIDTH="15" HEIGHT="15" CONTENT="a" WC="1.00" CC="0"/>
						<SP ID="P43_SP00147" HPOS="355" VPOS="902" WIDTH="16"/>
						<String ID="P43_ST00170" HPOS="371" VPOS="871" WIDTH="102" HEIGHT="31" CONTENT="regular" WC="0.57" CC="4305591"/>
						<SP ID="P43_SP00148" HPOS="473" VPOS="902" WIDTH="14"/>
						<String ID="P43_ST00171" HPOS="487" VPOS="871" WIDTH="62" HEIGHT="31" CONTENT="plan" WC="0.70" CC="0605"/>
						<SP ID="P43_SP00149" HPOS="549" VPOS="902" WIDTH="12"/>
						<String ID="P43_ST00172" HPOS="561" VPOS="871" WIDTH="73" HEIGHT="24" CONTENT="these" WC="0.82" CC="40040"/>
						<SP ID="P43_SP00150" HPOS="634" VPOS="902" WIDTH="13"/>
						<String ID="P43_ST00173" HPOS="647" VPOS="880" WIDTH="60" HEIGHT="22" CONTENT="may" WC="1.00" CC="000"/>
						<SP ID="P43_SP00151" HPOS="707" VPOS="902" WIDTH="13"/>
						<String ID="P43_ST00174" HPOS="720" VPOS="870" WIDTH="31" HEIGHT="25" CONTENT="be" WC="1.00" CC="00"/>
						<SP ID="P43_SP00152" HPOS="751" VPOS="902" WIDTH="13"/>
						<String ID="P43_ST00175" HPOS="764" VPOS="871" WIDTH="91" HEIGHT="24" CONTENT="useful." WC="0.69" CC="6500450"/>
					</TextLine>
				</TextBlock>
				<TextBlock ID="P43_TB00006" HPOS="112" VPOS="911" WIDTH="875" HEIGHT="395" STYLEREFS="TXT_0 PAR_LEFT">
					<TextLine ID="P43_TL00022" HPOS="156" VPOS="911" WIDTH="831" HEIGHT="32">
						<String ID="P43_ST00176" HPOS="156" VPOS="912" WIDTH="34" HEIGHT="24" CONTENT="So" WC="0.63" CC="70"/>
						<SP ID="P43_SP00153" HPOS="190" VPOS="936" WIDTH="20"/>
						<String ID="P43_ST00177" HPOS="210" VPOS="912" WIDTH="78" HEIGHT="24" CONTENT="much" WC="0.82" CC="1104"/>
						<SP ID="P43_SP00154" HPOS="288" VPOS="936" WIDTH="20"/>
						<String ID="P43_ST00178" HPOS="308" VPOS="913" WIDTH="111" HEIGHT="23" CONTENT="interest" WC="0.85" CC="00603010"/>
						<SP ID="P43_SP00155" HPOS="419" VPOS="936" WIDTH="14"/>
						<String ID="P43_ST00179" HPOS="433" VPOS="911" WIDTH="144" HEIGHT="24" CONTENT="surrounds" WC="0.68" CC="554000507"/>
						<SP ID="P43_SP00156" HPOS="577" VPOS="936" WIDTH="13"/>
						<String ID="P43_ST00180" HPOS="590" VPOS="919" WIDTH="79" HEIGHT="24" CONTENT="many" WC="0.84" CC="0600"/>
						<SP ID="P43_SP00157" HPOS="669" VPOS="943" WIDTH="13"/>
						<String ID="P43_ST00181" HPOS="682" VPOS="911" WIDTH="27" HEIGHT="24" CONTENT="of" WC="1.00" CC="00"/>
						<SP ID="P43_SP00158" HPOS="709" VPOS="943" WIDTH="19"/>
						<String ID="P43_ST00182" HPOS="728" VPOS="919" WIDTH="47" HEIGHT="16" CONTENT="our" WC="0.72" CC="025"/>
						<SP ID="P43_SP00159" HPOS="775" VPOS="943" WIDTH="15"/>
						<String ID="P43_ST00183" HPOS="790" VPOS="912" WIDTH="69" HEIGHT="24" CONTENT="little" WC="0.69" CC="502550"/>
						<SP ID="P43_SP00160" HPOS="859" VPOS="943" WIDTH="14"/>
						<String ID="P43_ST00184" HPOS="873" VPOS="912" WIDTH="114" HEIGHT="24" CONTENT="Kentish" WC="0.69" CC="3071035"/>
					</TextLine>
					<TextLine ID="P43_TL00023" HPOS="119" VPOS="952" WIDTH="868" HEIGHT="32">
						<String ID="P43_ST00185" HPOS="119" VPOS="952" WIDTH="86" HEIGHT="32" CONTENT="places" WC="0.82" CC="007002"/>
						<SP ID="P43_SP00161" HPOS="205" VPOS="984" WIDTH="13"/>
						<String ID="P43_ST00186" HPOS="218" VPOS="952" WIDTH="85" HEIGHT="24" CONTENT="which" WC="0.57" CC="97004"/>
						<SP ID="P43_SP00162" HPOS="303" VPOS="984" WIDTH="20"/>
						<String ID="P43_ST00187" HPOS="323" VPOS="961" WIDTH="44" HEIGHT="15" CONTENT="are" WC="0.83" CC="050"/>
						<SP ID="P43_SP00163" HPOS="367" VPOS="984" WIDTH="16"/>
						<String ID="P43_ST00188" HPOS="383" VPOS="952" WIDTH="144" HEIGHT="24" CONTENT="associated" WC="0.83" CC="0450000500"/>
						<SP ID="P43_SP00164" HPOS="527" VPOS="984" WIDTH="21"/>
						<String ID="P43_ST00189" HPOS="548" VPOS="952" WIDTH="64" HEIGHT="23" CONTENT="with" WC="0.79" CC="0007"/>
						<SP ID="P43_SP00165" HPOS="612" VPOS="984" WIDTH="22"/>
						<String ID="P43_ST00190" HPOS="634" VPOS="952" WIDTH="45" HEIGHT="32" CONTENT="big" WC="0.79" CC="600"/>
						<SP ID="P43_SP00166" HPOS="679" VPOS="984" WIDTH="16"/>
						<String ID="P43_ST00191" HPOS="695" VPOS="954" WIDTH="91" HEIGHT="21" CONTENT="events" WC="0.73" CC="090600"/>
						<String ID="P43_ST00192" HPOS="786" VPOS="968" WIDTH="34" HEIGHT="1" CONTENT="—" WC="0.20" CC="8"/>
						<String ID="P43_ST00193" HPOS="823" VPOS="952" WIDTH="102" HEIGHT="30" CONTENT="Otford," WC="0.75" CC="4502500"/>
						<SP ID="P43_SP00167" HPOS="925" VPOS="984" WIDTH="22"/>
						<String ID="P43_ST00194" HPOS="947" VPOS="953" WIDTH="40" HEIGHT="24" CONTENT="for" WC="0.77" CC="015"/>
					</TextLine>
					<TextLine ID="P43_TL00024" HPOS="117" VPOS="991" WIDTH="870" HEIGHT="33">
						<String ID="P43_ST00195" HPOS="117" VPOS="993" WIDTH="126" HEIGHT="30" CONTENT="instance," WC="0.84" CC="015140000"/>
						<SP ID="P43_SP00168" HPOS="243" VPOS="1023" WIDTH="24"/>
						<String ID="P43_ST00196" HPOS="267" VPOS="993" WIDTH="87" HEIGHT="24" CONTENT="where" WC="0.79" CC="41030"/>
						<SP ID="P43_SP00169" HPOS="354" VPOS="1023" WIDTH="18"/>
						<String ID="P43_ST00197" HPOS="372" VPOS="992" WIDTH="107" HEIGHT="32" CONTENT="already" WC="0.82" CC="0040070"/>
						<SP ID="P43_SP00170" HPOS="479" VPOS="1024" WIDTH="20"/>
						<String ID="P43_ST00198" HPOS="499" VPOS="992" WIDTH="60" HEIGHT="24" CONTENT="four" WC="0.80" CC="0304"/>
						<SP ID="P43_SP00171" HPOS="559" VPOS="1024" WIDTH="17"/>
						<String ID="P43_ST00199" HPOS="576" VPOS="991" WIDTH="96" HEIGHT="25" CONTENT="battles" WC="0.90" CC="4001000"/>
						<SP ID="P43_SP00172" HPOS="672" VPOS="1024" WIDTH="19"/>
						<String ID="P43_ST00200" HPOS="691" VPOS="991" WIDTH="66" HEIGHT="25" CONTENT="have" WC="0.87" CC="5000"/>
						<SP ID="P43_SP00173" HPOS="757" VPOS="1024" WIDTH="19"/>
						<String ID="P43_ST00201" HPOS="776" VPOS="991" WIDTH="66" HEIGHT="25" CONTENT="been" WC="0.79" CC="1006"/>
						<SP ID="P43_SP00174" HPOS="842" VPOS="1024" WIDTH="18"/>
						<String ID="P43_ST00202" HPOS="860" VPOS="992" WIDTH="92" HEIGHT="32" CONTENT="fought" WC="0.75" CC="007070"/>
						<String ID="P43_ST00203" HPOS="953" VPOS="1007" WIDTH="34" HEIGHT="3" CONTENT="—" WC="0.20" CC="8"/>
					</TextLine>
					<TextLine ID="P43_TL00025" HPOS="116" VPOS="1032" WIDTH="869" HEIGHT="34">
						<String ID="P43_ST00204" HPOS="116" VPOS="1034" WIDTH="61" HEIGHT="23" CONTENT="that" WC="0.77" CC="0710"/>
						<SP ID="P43_SP00175" HPOS="177" VPOS="1057" WIDTH="21"/>
						<String ID="P43_ST00205" HPOS="198" VPOS="1042" WIDTH="52" HEIGHT="24" CONTENT="you" WC="0.44" CC="906"/>
						<SP ID="P43_SP00176" HPOS="250" VPOS="1066" WIDTH="17"/>
						<String ID="P43_ST00206" HPOS="267" VPOS="1042" WIDTH="62" HEIGHT="23" CONTENT="may" WC="0.68" CC="009"/>
						<SP ID="P43_SP00177" HPOS="329" VPOS="1066" WIDTH="18"/>
						<String ID="P43_ST00207" HPOS="347" VPOS="1033" WIDTH="53" HEIGHT="24" CONTENT="like" WC="0.70" CC="4330"/>
						<SP ID="P43_SP00178" HPOS="400" VPOS="1066" WIDTH="12"/>
						<String ID="P43_ST00208" HPOS="412" VPOS="1035" WIDTH="28" HEIGHT="22" CONTENT="to" WC="0.57" CC="34"/>
						<SP ID="P43_SP00179" HPOS="440" VPOS="1066" WIDTH="14"/>
						<String ID="P43_ST00209" HPOS="454" VPOS="1033" WIDTH="77" HEIGHT="23" CONTENT="know" WC="0.93" CC="2000"/>
						<SP ID="P43_SP00180" HPOS="531" VPOS="1066" WIDTH="13"/>
						<String ID="P43_ST00210" HPOS="544" VPOS="1032" WIDTH="60" HEIGHT="24" CONTENT="that" WC="0.59" CC="0491"/>
						<SP ID="P43_SP00181" HPOS="604" VPOS="1066" WIDTH="18"/>
						<String ID="P43_ST00211" HPOS="622" VPOS="1032" WIDTH="45" HEIGHT="24" CONTENT="the" WC="0.60" CC="272"/>
						<SP ID="P43_SP00182" HPOS="667" VPOS="1066" WIDTH="19"/>
						<String ID="P43_ST00212" HPOS="686" VPOS="1032" WIDTH="69" HEIGHT="24" CONTENT="little" WC="0.75" CC="006530"/>
						<SP ID="P43_SP00183" HPOS="755" VPOS="1066" WIDTH="22"/>
						<String ID="P43_ST00213" HPOS="777" VPOS="1035" WIDTH="70" HEIGHT="21" CONTENT="town" WC="0.81" CC="2004"/>
						<SP ID="P43_SP00184" HPOS="847" VPOS="1066" WIDTH="19"/>
						<String ID="P43_ST00214" HPOS="866" VPOS="1033" WIDTH="26" HEIGHT="24" CONTENT="of" WC="0.63" CC="70"/>
						<SP ID="P43_SP00185" HPOS="892" VPOS="1066" WIDTH="19"/>
						<String ID="P43_ST00215" HPOS="911" VPOS="1033" WIDTH="74" HEIGHT="32" CONTENT="Wye," WC="0.77" CC="9000"/>
					</TextLine>
					<TextLine ID="P43_TL00026" HPOS="116" VPOS="1072" WIDTH="869" HEIGHT="33">
						<String ID="P43_ST00216" HPOS="116" VPOS="1082" WIDTH="63" HEIGHT="15" CONTENT="near" WC="0.90" CC="4000"/>
						<SP ID="P43_SP00186" HPOS="179" VPOS="1097" WIDTH="38"/>
						<String ID="P43_ST00217" HPOS="217" VPOS="1073" WIDTH="125" HEIGHT="29" CONTENT="Ashford," WC="0.76" CC="07600500"/>
						<SP ID="P43_SP00187" HPOS="342" VPOS="1102" WIDTH="41"/>
						<String ID="P43_ST00218" HPOS="383" VPOS="1073" WIDTH="64" HEIGHT="23" CONTENT="with" WC="0.59" CC="0357"/>
						<SP ID="P43_SP00188" HPOS="447" VPOS="1102" WIDTH="40"/>
						<String ID="P43_ST00219" HPOS="487" VPOS="1073" WIDTH="34" HEIGHT="23" CONTENT="its" WC="0.43" CC="393"/>
						<SP ID="P43_SP00189" HPOS="521" VPOS="1102" WIDTH="42"/>
						<String ID="P43_ST00220" HPOS="563" VPOS="1072" WIDTH="115" HEIGHT="31" CONTENT="lordship" WC="0.42" CC="62907748"/>
						<SP ID="P43_SP00190" HPOS="678" VPOS="1103" WIDTH="41"/>
						<String ID="P43_ST00221" HPOS="719" VPOS="1081" WIDTH="60" HEIGHT="15" CONTENT="over" WC="0.62" CC="0905"/>
						<SP ID="P43_SP00191" HPOS="779" VPOS="1103" WIDTH="45"/>
						<String ID="P43_ST00222" HPOS="824" VPOS="1075" WIDTH="161" HEIGHT="30" CONTENT="twenty-two" WC="0.81" CC="0000002391"/>
					</TextLine>
					<TextLine ID="P43_TL00027" HPOS="118" VPOS="1112" WIDTH="865" HEIGHT="33">
						<String ID="P43_ST00223" HPOS="118" VPOS="1117" WIDTH="14" HEIGHT="10" CONTENT='"' WC="1.00" CC="0"/>
						<SP ID="P43_SP00192" HPOS="132" VPOS="1127" WIDTH="12"/>
						<String ID="P43_ST00224" HPOS="144" VPOS="1113" WIDTH="168" HEIGHT="31" CONTENT='Hundreds,"' WC="0.82" CC="3400200600"/>
						<SP ID="P43_SP00193" HPOS="312" VPOS="1144" WIDTH="27"/>
						<String ID="P43_ST00225" HPOS="339" VPOS="1113" WIDTH="51" HEIGHT="24" CONTENT="and" WC="1.00" CC="000"/>
						<SP ID="P43_SP00194" HPOS="390" VPOS="1144" WIDTH="22"/>
						<String ID="P43_ST00226" HPOS="412" VPOS="1113" WIDTH="138" HEIGHT="32" CONTENT="privileges" WC="0.79" CC="8209000000"/>
						<SP ID="P43_SP00195" HPOS="550" VPOS="1145" WIDTH="22"/>
						<String ID="P43_ST00227" HPOS="572" VPOS="1112" WIDTH="143" HEIGHT="32" CONTENT="extending" WC="0.82" CC="001070070"/>
						<SP ID="P43_SP00196" HPOS="715" VPOS="1145" WIDTH="20"/>
						<String ID="P43_ST00228" HPOS="735" VPOS="1121" WIDTH="61" HEIGHT="15" CONTENT="over" WC="0.89" CC="0004"/>
						<SP ID="P43_SP00197" HPOS="796" VPOS="1145" WIDTH="25"/>
						<String ID="P43_ST00229" HPOS="821" VPOS="1112" WIDTH="162" HEIGHT="32" CONTENT="Folkestone," WC="0.75" CC="63300540004"/>
					</TextLine>
					<TextLine ID="P43_TL00028" HPOS="115" VPOS="1152" WIDTH="870" HEIGHT="32">
						<String ID="P43_ST00230" HPOS="115" VPOS="1154" WIDTH="105" HEIGHT="30" CONTENT="Milton," WC="0.81" CC="0001442"/>
						<SP ID="P43_SP00198" HPOS="220" VPOS="1184" WIDTH="27"/>
						<String ID="P43_ST00231" HPOS="247" VPOS="1154" WIDTH="52" HEIGHT="24" CONTENT="and" WC="0.84" CC="040"/>
						<SP ID="P43_SP00199" HPOS="299" VPOS="1184" WIDTH="25"/>
						<String ID="P43_ST00232" HPOS="324" VPOS="1154" WIDTH="90" HEIGHT="29" CONTENT="Chart," WC="0.74" CC="460040"/>
						<SP ID="P43_SP00200" HPOS="414" VPOS="1184" WIDTH="28"/>
						<String ID="P43_ST00233" HPOS="442" VPOS="1161" WIDTH="52" HEIGHT="15" CONTENT="was" WC="0.68" CC="063"/>
						<SP ID="P43_SP00201" HPOS="494" VPOS="1184" WIDTH="24"/>
						<String ID="P43_ST00234" HPOS="518" VPOS="1153" WIDTH="77" HEIGHT="31" CONTENT="given" WC="0.98" CC="00000"/>
						<SP ID="P43_SP00202" HPOS="595" VPOS="1184" WIDTH="26"/>
						<String ID="P43_ST00235" HPOS="621" VPOS="1155" WIDTH="27" HEIGHT="21" CONTENT="to" WC="0.61" CC="60"/>
						<SP ID="P43_SP00203" HPOS="648" VPOS="1184" WIDTH="25"/>
						<String ID="P43_ST00236" HPOS="673" VPOS="1152" WIDTH="91" HEIGHT="24" CONTENT="Battle" WC="0.81" CC="604000"/>
						<SP ID="P43_SP00204" HPOS="764" VPOS="1184" WIDTH="20"/>
						<String ID="P43_ST00237" HPOS="784" VPOS="1152" WIDTH="96" HEIGHT="32" CONTENT="Abbey" WC="1.00" CC="00000"/>
						<SP ID="P43_SP00205" HPOS="880" VPOS="1184" WIDTH="18"/>
						<String ID="P43_ST00238" HPOS="898" VPOS="1162" WIDTH="28" HEIGHT="16" CONTENT="as" WC="0.70" CC="06"/>
						<SP ID="P43_SP00206" HPOS="926" VPOS="1184" WIDTH="25"/>
						<String ID="P43_ST00239" HPOS="951" VPOS="1163" WIDTH="34" HEIGHT="15" CONTENT="an" WC="1.00" CC="00"/>
					</TextLine>
					<TextLine ID="P43_TL00029" HPOS="116" VPOS="1192" WIDTH="868" HEIGHT="34">
						<String ID="P43_ST00240" HPOS="116" VPOS="1197" WIDTH="15" HEIGHT="11" CONTENT='"' WC="1.00" CC="0"/>
						<SP ID="P43_SP00207" HPOS="131" VPOS="1208" WIDTH="9"/>
						<String ID="P43_ST00241" HPOS="140" VPOS="1195" WIDTH="166" HEIGHT="23" CONTENT="endowment" WC="0.82" CC="070000008"/>
						<SP ID="P43_SP00208" HPOS="306" VPOS="1218" WIDTH="11"/>
						<String ID="P43_ST00242" HPOS="317" VPOS="1194" WIDTH="11" HEIGHT="9" CONTENT='"' WC="1.00" CC="0"/>
						<String ID="P43_ST00243" HPOS="330" VPOS="1210" WIDTH="35" HEIGHT="2" CONTENT="—" WC="0.20" CC="8"/>
						<String ID="P43_ST00244" HPOS="367" VPOS="1194" WIDTH="59" HEIGHT="23" CONTENT="that" WC="0.45" CC="5690"/>
						<SP ID="P43_SP00209" HPOS="426" VPOS="1218" WIDTH="13"/>
						<String ID="P43_ST00245" HPOS="439" VPOS="1194" WIDTH="29" HEIGHT="29" CONTENT="is," WC="0.82" CC="031"/>
						<SP ID="P43_SP00210" HPOS="468" VPOS="1223" WIDTH="15"/>
						<String ID="P43_ST00246" HPOS="483" VPOS="1201" WIDTH="28" HEIGHT="16" CONTENT="as" WC="0.70" CC="06"/>
						<SP ID="P43_SP00211" HPOS="511" VPOS="1223" WIDTH="14"/>
						<String ID="P43_ST00247" HPOS="525" VPOS="1201" WIDTH="14" HEIGHT="15" CONTENT="a" WC="1.00" CC="0"/>
						<SP ID="P43_SP00212" HPOS="539" VPOS="1223" WIDTH="14"/>
						<String ID="P43_ST00248" HPOS="553" VPOS="1201" WIDTH="88" HEIGHT="16" CONTENT="means" WC="0.92" CC="00030"/>
						<SP ID="P43_SP00213" HPOS="641" VPOS="1223" WIDTH="13"/>
						<String ID="P43_ST00249" HPOS="654" VPOS="1192" WIDTH="28" HEIGHT="25" CONTENT="of" WC="0.84" CC="30"/>
						<SP ID="P43_SP00214" HPOS="682" VPOS="1223" WIDTH="19"/>
						<String ID="P43_ST00250" HPOS="701" VPOS="1193" WIDTH="108" HEIGHT="31" CONTENT="putting" WC="0.64" CC="9056030"/>
						<SP ID="P43_SP00215" HPOS="809" VPOS="1224" WIDTH="13"/>
						<String ID="P43_ST00251" HPOS="822" VPOS="1201" WIDTH="93" HEIGHT="25" CONTENT="money" WC="0.89" CC="01300"/>
						<SP ID="P43_SP00216" HPOS="915" VPOS="1226" WIDTH="13"/>
						<String ID="P43_ST00252" HPOS="928" VPOS="1195" WIDTH="56" HEIGHT="23" CONTENT="into" WC="0.83" CC="0230"/>
					</TextLine>
					<TextLine ID="P43_TL00030" HPOS="113" VPOS="1233" WIDTH="870" HEIGHT="34">
						<String ID="P43_ST00253" HPOS="113" VPOS="1235" WIDTH="46" HEIGHT="24" CONTENT="the" WC="0.69" CC="260"/>
						<SP ID="P43_SP00217" HPOS="159" VPOS="1259" WIDTH="20"/>
						<String ID="P43_ST00254" HPOS="179" VPOS="1234" WIDTH="95" HEIGHT="33" CONTENT="Abbey" WC="0.75" CC="07400"/>
						<SP ID="P43_SP00218" HPOS="274" VPOS="1267" WIDTH="19"/>
						<String ID="P43_ST00255" HPOS="293" VPOS="1234" WIDTH="73" HEIGHT="24" CONTENT="chest" WC="0.63" CC="07047"/>
						<String ID="P43_ST00256" HPOS="367" VPOS="1250" WIDTH="34" HEIGHT="1" CONTENT="—" WC="0.20" CC="8"/>
						<String ID="P43_ST00257" HPOS="403" VPOS="1233" WIDTH="35" HEIGHT="33" CONTENT="by" WC="1.00" CC="00"/>
						<SP ID="P43_SP00219" HPOS="438" VPOS="1267" WIDTH="19"/>
						<String ID="P43_ST00258" HPOS="457" VPOS="1233" WIDTH="118" HEIGHT="23" CONTENT="William" WC="0.89" CC="0050020"/>
						<SP ID="P43_SP00220" HPOS="575" VPOS="1267" WIDTH="19"/>
						<String ID="P43_ST00259" HPOS="594" VPOS="1233" WIDTH="45" HEIGHT="23" CONTENT="the" WC="0.67" CC="350"/>
						<SP ID="P43_SP00221" HPOS="639" VPOS="1267" WIDTH="20"/>
						<String ID="P43_ST00260" HPOS="659" VPOS="1233" WIDTH="150" HEIGHT="32" CONTENT="Conqueror" WC="0.71" CC="507430104"/>
						<SP ID="P43_SP00222" HPOS="809" VPOS="1267" WIDTH="18"/>
						<String ID="P43_ST00261" HPOS="827" VPOS="1233" WIDTH="86" HEIGHT="25" CONTENT="before" WC="0.82" CC="500130"/>
						<SP ID="P43_SP00223" HPOS="913" VPOS="1267" WIDTH="20"/>
						<String ID="P43_ST00262" HPOS="933" VPOS="1243" WIDTH="50" HEIGHT="24" CONTENT="any" WC="0.43" CC="709"/>
					</TextLine>
					<TextLine ID="P43_TL00031" HPOS="113" VPOS="1275" WIDTH="165" HEIGHT="31">
						<String ID="P43_ST00263" HPOS="113" VPOS="1276" WIDTH="76" HEIGHT="24" CONTENT="other" WC="0.86" CC="10500"/>
						<SP ID="P43_SP00224" HPOS="189" VPOS="1300" WIDTH="10"/>
						<String ID="P43_ST00264" HPOS="199" VPOS="1275" WIDTH="79" HEIGHT="31" CONTENT="place." WC="1.00" CC="000000"/>
					</TextLine>
				</TextBlock>
				<TextBlock ID="P43_TB00007" HPOS="111" VPOS="1313" WIDTH="871" HEIGHT="236" STYLEREFS="TXT_0 PAR_LEFT">
					<TextLine ID="P43_TL00032" HPOS="148" VPOS="1313" WIDTH="834" HEIGHT="35">
						<String ID="P43_ST00265" HPOS="148" VPOS="1316" WIDTH="83" HEIGHT="23" CONTENT="There" WC="0.68" CC="56030"/>
						<SP ID="P43_SP00225" HPOS="231" VPOS="1339" WIDTH="20"/>
						<String ID="P43_ST00266" HPOS="251" VPOS="1316" WIDTH="22" HEIGHT="23" CONTENT="is" WC="0.50" CC="09"/>
						<SP ID="P43_SP00226" HPOS="273" VPOS="1339" WIDTH="20"/>
						<String ID="P43_ST00267" HPOS="293" VPOS="1315" WIDTH="112" HEIGHT="31" CONTENT="nothing" WC="0.63" CC="5257050"/>
						<SP ID="P43_SP00227" HPOS="405" VPOS="1346" WIDTH="21"/>
						<String ID="P43_ST00268" HPOS="426" VPOS="1314" WIDTH="94" HEIGHT="32" CONTENT="special" WC="0.91" CC="6000000"/>
						<SP ID="P43_SP00228" HPOS="520" VPOS="1346" WIDTH="19"/>
						<String ID="P43_ST00269" HPOS="539" VPOS="1317" WIDTH="27" HEIGHT="21" CONTENT="to" WC="0.57" CC="26"/>
						<SP ID="P43_SP00229" HPOS="566" VPOS="1346" WIDTH="20"/>
						<String ID="P43_ST00270" HPOS="586" VPOS="1313" WIDTH="64" HEIGHT="32" CONTENT="keep" WC="1.00" CC="0000"/>
						<SP ID="P43_SP00230" HPOS="650" VPOS="1346" WIDTH="20"/>
						<String ID="P43_ST00271" HPOS="670" VPOS="1322" WIDTH="29" HEIGHT="15" CONTENT="us" WC="0.70" CC="41"/>
						<SP ID="P43_SP00231" HPOS="699" VPOS="1346" WIDTH="21"/>
						<String ID="P43_ST00272" HPOS="720" VPOS="1313" WIDTH="94" HEIGHT="33" CONTENT="during" WC="0.68" CC="053360"/>
						<SP ID="P43_SP00232" HPOS="814" VPOS="1346" WIDTH="20"/>
						<String ID="P43_ST00273" HPOS="834" VPOS="1314" WIDTH="44" HEIGHT="25" CONTENT="the" WC="0.46" CC="960"/>
						<SP ID="P43_SP00233" HPOS="878" VPOS="1346" WIDTH="19"/>
						<String ID="P43_ST00274" HPOS="897" VPOS="1316" WIDTH="85" HEIGHT="32" CONTENT="reigns" WC="0.57" CC="300867"/>
					</TextLine>
					<TextLine ID="P43_TL00033" HPOS="112" VPOS="1354" WIDTH="870" HEIGHT="32">
						<String ID="P43_ST00275" HPOS="112" VPOS="1356" WIDTH="27" HEIGHT="25" CONTENT="of" WC="0.72" CC="50"/>
						<SP ID="P43_SP00234" HPOS="139" VPOS="1381" WIDTH="25"/>
						<String ID="P43_ST00276" HPOS="164" VPOS="1355" WIDTH="119" HEIGHT="25" CONTENT="William" WC="0.34" CC="9947346"/>
						<SP ID="P43_SP00235" HPOS="283" VPOS="1381" WIDTH="26"/>
						<String ID="P43_ST00277" HPOS="309" VPOS="1355" WIDTH="87" HEIGHT="24" CONTENT="Rufus" WC="0.71" CC="74002"/>
						<SP ID="P43_SP00236" HPOS="396" VPOS="1381" WIDTH="26"/>
						<String ID="P43_ST00278" HPOS="422" VPOS="1355" WIDTH="51" HEIGHT="23" CONTENT="and" WC="1.00" CC="000"/>
						<SP ID="P43_SP00237" HPOS="473" VPOS="1381" WIDTH="26"/>
						<String ID="P43_ST00279" HPOS="499" VPOS="1354" WIDTH="93" HEIGHT="32" CONTENT="Henry" WC="0.45" CC="50649"/>
						<SP ID="P43_SP00238" HPOS="592" VPOS="1386" WIDTH="26"/>
						<String ID="P43_ST00280" HPOS="618" VPOS="1355" WIDTH="30" HEIGHT="28" CONTENT="I.," WC="0.85" CC="400"/>
						<SP ID="P43_SP00239" HPOS="648" VPOS="1386" WIDTH="22"/>
						<String ID="P43_ST00281" HPOS="670" VPOS="1354" WIDTH="48" HEIGHT="23" CONTENT="but" WC="0.43" CC="736"/>
						<SP ID="P43_SP00240" HPOS="718" VPOS="1386" WIDTH="19"/>
						<String ID="P43_ST00282" HPOS="737" VPOS="1355" WIDTH="75" HEIGHT="23" CONTENT="Kent" WC="0.90" CC="0004"/>
						<SP ID="P43_SP00241" HPOS="812" VPOS="1386" WIDTH="19"/>
						<String ID="P43_ST00283" HPOS="831" VPOS="1355" WIDTH="82" HEIGHT="25" CONTENT="under" WC="0.71" CC="45004"/>
						<SP ID="P43_SP00242" HPOS="913" VPOS="1386" WIDTH="24"/>
						<String ID="P43_ST00284" HPOS="937" VPOS="1356" WIDTH="45" HEIGHT="25" CONTENT="the" WC="0.94" CC="010"/>
					</TextLine>
					<TextLine ID="P43_TL00034" HPOS="113" VPOS="1394" WIDTH="869" HEIGHT="35">
						<String ID="P43_ST00285" HPOS="113" VPOS="1397" WIDTH="128" HEIGHT="32" CONTENT="unhappy" WC="0.57" CC="5060089"/>
						<SP ID="P43_SP00243" HPOS="241" VPOS="1429" WIDTH="13"/>
						<String ID="P43_ST00286" HPOS="254" VPOS="1396" WIDTH="74" HEIGHT="31" CONTENT="reign" WC="0.79" CC="10008"/>
						<SP ID="P43_SP00244" HPOS="328" VPOS="1429" WIDTH="13"/>
						<String ID="P43_ST00287" HPOS="341" VPOS="1396" WIDTH="27" HEIGHT="24" CONTENT="of" WC="1.00" CC="00"/>
						<SP ID="P43_SP00245" HPOS="368" VPOS="1429" WIDTH="13"/>
						<String ID="P43_ST00288" HPOS="381" VPOS="1395" WIDTH="116" HEIGHT="32" CONTENT="Stephen" WC="0.53" CC="7259007"/>
						<SP ID="P43_SP00246" HPOS="497" VPOS="1429" WIDTH="13"/>
						<String ID="P43_ST00289" HPOS="510" VPOS="1404" WIDTH="83" HEIGHT="15" CONTENT="comes" WC="0.78" CC="03007"/>
						<SP ID="P43_SP00247" HPOS="593" VPOS="1429" WIDTH="14"/>
						<String ID="P43_ST00290" HPOS="607" VPOS="1397" WIDTH="27" HEIGHT="21" CONTENT="to" WC="0.67" CC="60"/>
						<SP ID="P43_SP00248" HPOS="634" VPOS="1429" WIDTH="14"/>
						<String ID="P43_ST00291" HPOS="648" VPOS="1394" WIDTH="45" HEIGHT="24" CONTENT="the" WC="0.51" CC="760"/>
						<SP ID="P43_SP00249" HPOS="693" VPOS="1429" WIDTH="21"/>
						<String ID="P43_ST00292" HPOS="714" VPOS="1394" WIDTH="61" HEIGHT="25" CONTENT="fore." WC="0.96" CC="02000"/>
						<SP ID="P43_SP00250" HPOS="775" VPOS="1429" WIDTH="39"/>
						<String ID="P43_ST00293" HPOS="814" VPOS="1396" WIDTH="52" HEIGHT="24" CONTENT="The" WC="0.78" CC="060"/>
						<SP ID="P43_SP00251" HPOS="866" VPOS="1429" WIDTH="14"/>
						<String ID="P43_ST00294" HPOS="880" VPOS="1396" WIDTH="68" HEIGHT="25" CONTENT="chief" WC="0.65" CC="07108"/>
						<String ID="P43_ST00295" HPOS="948" VPOS="1411" WIDTH="34" HEIGHT="3" CONTENT="—" WC="0.20" CC="8"/>
					</TextLine>
					<TextLine ID="P43_TL00035" HPOS="115" VPOS="1435" WIDTH="867" HEIGHT="35">
						<String ID="P43_ST00296" HPOS="115" VPOS="1447" WIDTH="59" HEIGHT="23" CONTENT="nay," WC="0.40" CC="7960"/>
						<SP ID="P43_SP00252" HPOS="174" VPOS="1470" WIDTH="15"/>
						<String ID="P43_ST00297" HPOS="189" VPOS="1438" WIDTH="45" HEIGHT="23" CONTENT="the" WC="0.82" CC="500"/>
						<SP ID="P43_SP00253" HPOS="234" VPOS="1470" WIDTH="14"/>
						<String ID="P43_ST00298" HPOS="248" VPOS="1438" WIDTH="63" HEIGHT="31" CONTENT="only" WC="0.41" CC="2469"/>
						<SP ID="P43_SP00254" HPOS="311" VPOS="1470" WIDTH="12"/>
						<String ID="P43_ST00299" HPOS="323" VPOS="1438" WIDTH="78" HEIGHT="22" CONTENT="event" WC="0.91" CC="00004"/>
						<SP ID="P43_SP00255" HPOS="401" VPOS="1470" WIDTH="14"/>
						<String ID="P43_ST00300" HPOS="415" VPOS="1436" WIDTH="27" HEIGHT="24" CONTENT="of" WC="0.71" CC="05"/>
						<SP ID="P43_SP00256" HPOS="442" VPOS="1470" WIDTH="12"/>
						<String ID="P43_ST00301" HPOS="454" VPOS="1436" WIDTH="54" HEIGHT="24" CONTENT="this" WC="0.59" CC="2607"/>
						<SP ID="P43_SP00257" HPOS="508" VPOS="1470" WIDTH="13"/>
						<String ID="P43_ST00302" HPOS="521" VPOS="1436" WIDTH="62" HEIGHT="24" CONTENT="time" WC="0.90" CC="0400"/>
						<SP ID="P43_SP00258" HPOS="583" VPOS="1470" WIDTH="11"/>
						<String ID="P43_ST00303" HPOS="594" VPOS="1444" WIDTH="52" HEIGHT="14" CONTENT="was" WC="0.58" CC="056"/>
						<SP ID="P43_SP00259" HPOS="646" VPOS="1470" WIDTH="13"/>
						<String ID="P43_ST00304" HPOS="659" VPOS="1435" WIDTH="45" HEIGHT="24" CONTENT="the" WC="0.77" CC="050"/>
						<SP ID="P43_SP00260" HPOS="704" VPOS="1470" WIDTH="9"/>
						<String ID="P43_ST00305" HPOS="713" VPOS="1444" WIDTH="52" HEIGHT="15" CONTENT="war" WC="0.88" CC="003"/>
						<SP ID="P43_SP00261" HPOS="765" VPOS="1470" WIDTH="9"/>
						<String ID="P43_ST00306" HPOS="774" VPOS="1436" WIDTH="84" HEIGHT="24" CONTENT="which" WC="0.58" CC="07607"/>
						<SP ID="P43_SP00262" HPOS="858" VPOS="1470" WIDTH="11"/>
						<String ID="P43_ST00307" HPOS="869" VPOS="1437" WIDTH="113" HEIGHT="32" CONTENT="Stephen" WC="0.78" CC="7000403"/>
					</TextLine>
					<TextLine ID="P43_TL00036" HPOS="116" VPOS="1476" WIDTH="866" HEIGHT="34">
						<String ID="P43_ST00308" HPOS="116" VPOS="1478" WIDTH="53" HEIGHT="25" CONTENT="and" WC="1.00" CC="000"/>
						<SP ID="P43_SP00263" HPOS="169" VPOS="1503" WIDTH="13"/>
						<String ID="P43_ST00309" HPOS="182" VPOS="1478" WIDTH="41" HEIGHT="24" CONTENT="his" WC="0.23" CC="759"/>
						<SP ID="P43_SP00264" HPOS="223" VPOS="1503" WIDTH="14"/>
						<String ID="P43_ST00310" HPOS="237" VPOS="1477" WIDTH="110" HEIGHT="33" CONTENT="spirited" WC="0.70" CC="70072060"/>
						<SP ID="P43_SP00265" HPOS="347" VPOS="1510" WIDTH="13"/>
						<String ID="P43_ST00311" HPOS="360" VPOS="1477" WIDTH="60" HEIGHT="24" CONTENT="wife" WC="0.95" CC="0200"/>
						<SP ID="P43_SP00266" HPOS="420" VPOS="1510" WIDTH="13"/>
						<String ID="P43_ST00312" HPOS="433" VPOS="1476" WIDTH="115" HEIGHT="24" CONTENT="M.atilda" WC="0.41" CC="84950395"/>
						<SP ID="P43_SP00267" HPOS="548" VPOS="1510" WIDTH="12"/>
						<String ID="P43_ST00313" HPOS="560" VPOS="1476" WIDTH="100" HEIGHT="23" CONTENT="carried" WC="0.65" CC="0079060"/>
						<SP ID="P43_SP00268" HPOS="660" VPOS="1510" WIDTH="14"/>
						<String ID="P43_ST00314" HPOS="674" VPOS="1484" WIDTH="32" HEIGHT="15" CONTENT="on" WC="1.00" CC="00"/>
						<SP ID="P43_SP00269" HPOS="706" VPOS="1510" WIDTH="14"/>
						<String ID="P43_ST00315" HPOS="720" VPOS="1477" WIDTH="102" HEIGHT="31" CONTENT="against" WC="0.47" CC="0990870"/>
						<SP ID="P43_SP00270" HPOS="822" VPOS="1510" WIDTH="14"/>
						<String ID="P43_ST00316" HPOS="836" VPOS="1477" WIDTH="89" HEIGHT="30" CONTENT="Maud," WC="0.79" CC="10090"/>
						<SP ID="P43_SP00271" HPOS="925" VPOS="1510" WIDTH="14"/>
						<String ID="P43_ST00317" HPOS="939" VPOS="1478" WIDTH="43" HEIGHT="24" CONTENT="the" WC="0.83" CC="040"/>
					</TextLine>
					<TextLine ID="P43_TL00037" HPOS="115" VPOS="1516" WIDTH="866" HEIGHT="33">
						<String ID="P43_ST00318" HPOS="115" VPOS="1521" WIDTH="91" HEIGHT="23" CONTENT="cousin" WC="0.66" CC="020646"/>
						<SP ID="P43_SP00272" HPOS="206" VPOS="1544" WIDTH="23"/>
						<String ID="P43_ST00319" HPOS="229" VPOS="1519" WIDTH="26" HEIGHT="24" CONTENT="of" WC="0.77" CC="40"/>
						<SP ID="P43_SP00273" HPOS="255" VPOS="1544" WIDTH="23"/>
						<String ID="P43_ST00320" HPOS="278" VPOS="1518" WIDTH="122" HEIGHT="31" CONTENT="Stephen." WC="0.45" CC="60797470"/>
						<SP ID="P43_SP00274" HPOS="400" VPOS="1549" WIDTH="40"/>
						<String ID="P43_ST00321" HPOS="440" VPOS="1518" WIDTH="28" HEIGHT="23" CONTENT="It" WC="0.70" CC="06"/>
						<SP ID="P43_SP00275" HPOS="468" VPOS="1549" WIDTH="18"/>
						<String ID="P43_ST00322" HPOS="486" VPOS="1526" WIDTH="52" HEIGHT="15" CONTENT="was" WC="0.62" CC="019"/>
						<SP ID="P43_SP00276" HPOS="538" VPOS="1549" WIDTH="13"/>
						<String ID="P43_ST00323" HPOS="551" VPOS="1516" WIDTH="81" HEIGHT="25" CONTENT="about" WC="0.73" CC="08005"/>
						<SP ID="P43_SP00277" HPOS="632" VPOS="1549" WIDTH="18"/>
						<String ID="P43_ST00324" HPOS="650" VPOS="1516" WIDTH="45" HEIGHT="24" CONTENT="the" WC="0.95" CC="100"/>
						<SP ID="P43_SP00278" HPOS="695" VPOS="1549" WIDTH="14"/>
						<String ID="P43_ST00325" HPOS="709" VPOS="1525" WIDTH="84" HEIGHT="16" CONTENT="crown" WC="0.51" CC="04395"/>
						<SP ID="P43_SP00279" HPOS="793" VPOS="1549" WIDTH="14"/>
						<String ID="P43_ST00326" HPOS="807" VPOS="1518" WIDTH="26" HEIGHT="24" CONTENT="of" WC="0.25" CC="77"/>
						<SP ID="P43_SP00280" HPOS="833" VPOS="1549" WIDTH="21"/>
						<String ID="P43_ST00327" HPOS="854" VPOS="1518" WIDTH="127" HEIGHT="31" CONTENT="England." WC="0.67" CC="47800500"/>
					</TextLine>
				</TextBlock>
			</PrintSpace>
		</Page>
	</Layout>
</alto>
