<?xml version="1.0" encoding="UTF-8"?>
<alto xmlns:xsi="http://www.w3.org/2001/XMLSchema-instance" xsi:noNamespaceSchemaLocation="http://www.bl.uk/schemas/alto/alto-1-4.xsd" xmlns:xlink="http://www.w3.org/1999/xlink">
	<Description>
		<MeasurementUnit>mm10</MeasurementUnit>
		<sourceImageInformation>
			<fileName>//head1/IN/2008-21/A0011599490/002577.jp2</fileName>
		</sourceImageInformation>
		<OCRProcessing ID="OCRPROCESSING_1">
			<preProcessingStep>
				<processingSoftware>
					<softwareCreator>CCS Content Conversion Specialists GmbH, Germany</softwareCreator>
					<softwareName>CCS docWORKS</softwareName>
					<softwareVersion>6.1-0.67</softwareVersion>
				</processingSoftware>
			</preProcessingStep>
			<ocrProcessingStep>
				<processingSoftware>
					<softwareCreator>ABBYY (BIT Software), Russia</softwareCreator>
					<softwareName>Finereader</softwareName>
				</processingSoftware>
			</ocrProcessingStep>
		</OCRProcessing>
	</Description>
	<Styles>
		<TextStyle ID="TXT_0" FONTSIZE="11" FONTFAMILY="Courier New"/>
		<TextStyle ID="TXT_1" FONTSIZE="9" FONTFAMILY="Courier New"/>
		<ParagraphStyle ID="PAR_RIGHT" ALIGN="Right"/>
		<ParagraphStyle ID="PAR_CENTER" ALIGN="Center"/>
		<ParagraphStyle ID="PAR_LEFT" ALIGN="Left"/>
	</Styles>
	<Layout>
		<Page ID="P19" PHYSICAL_IMG_NR="19" HEIGHT="1685" WIDTH="1100" PRINTED_IMG_NR="3" POSITION="Right" ACCURACY="75.18">
			<TopMargin ID="P19_TM00001" HPOS="0" VPOS="0" WIDTH="1099" HEIGHT="79">
				<TextBlock ID="P19_TB00001" HPOS="957" VPOS="55" WIDTH="14" HEIGHT="22" STYLEREFS="TXT_0 PAR_RIGHT">
					<TextLine ID="P19_TL00001" HPOS="957" VPOS="55" WIDTH="14" HEIGHT="22">
						<String ID="P19_ST00001" HPOS="957" VPOS="55" WIDTH="14" HEIGHT="22" CONTENT="3" WC="1.00" CC="0"/>
					</TextLine>
				</TextBlock>
				<TextBlock ID="P19_TB00002" HPOS="448" VPOS="61" WIDTH="182" HEIGHT="16" STYLEREFS="TXT_1 PAR_CENTER">
					<TextLine ID="P19_TL00002" HPOS="449" VPOS="61" WIDTH="181" HEIGHT="16">
						<String ID="P19_ST00002" HPOS="449" VPOS="61" WIDTH="86" HEIGHT="16" CONTENT="E4VRLY" WC="0.27" CC="499693"/>
						<SP ID="P19_SP00001" HPOS="535" VPOS="77" WIDTH="20"/>
						<String ID="P19_ST00003" HPOS="555" VPOS="61" WIDTH="75" HEIGHT="16" CONTENT="KENT." WC="0.71" CC="70700"/>
					</TextLine>
				</TextBlock>
			</TopMargin>
			<LeftMargin ID="P19_LM00001" HPOS="0" VPOS="79" WIDTH="100" HEIGHT="1521"/>
			<RightMargin ID="P19_RM00001" HPOS="972" VPOS="79" WIDTH="127" HEIGHT="1521"/>
			<BottomMargin ID="P19_BM00001" HPOS="0" VPOS="1600" WIDTH="1099" HEIGHT="84"/>
			<PrintSpace ID="P19_PS00001" HPOS="100" VPOS="79" WIDTH="872" HEIGHT="1521">
				<TextBlock ID="P19_TB00003" HPOS="101" VPOS="119" WIDTH="871" HEIGHT="510" STYLEREFS="TXT_1 PAR_LEFT">
					<TextLine ID="P19_TL00003" HPOS="103" VPOS="119" WIDTH="869" HEIGHT="34">
						<String ID="P19_ST00004" HPOS="103" VPOS="119" WIDTH="115" HEIGHT="33" CONTENT="thought" WC="0.79" CC="0703001"/>
						<SP ID="P19_SP00002" HPOS="218" VPOS="152" WIDTH="12"/>
						<String ID="P19_ST00005" HPOS="230" VPOS="121" WIDTH="60" HEIGHT="23" CONTENT="that" WC="1.00" CC="0000"/>
						<SP ID="P19_SP00003" HPOS="290" VPOS="152" WIDTH="14"/>
						<String ID="P19_ST00006" HPOS="304" VPOS="121" WIDTH="73" HEIGHT="23" CONTENT="there" WC="0.93" CC="30000"/>
						<SP ID="P19_SP00004" HPOS="377" VPOS="152" WIDTH="14"/>
						<String ID="P19_ST00007" HPOS="391" VPOS="122" WIDTH="84" HEIGHT="31" CONTENT="might" WC="0.73" CC="03054"/>
						<SP ID="P19_SP00005" HPOS="475" VPOS="153" WIDTH="15"/>
						<String ID="P19_ST00008" HPOS="490" VPOS="121" WIDTH="114" HEIGHT="32" CONTENT="possibly" WC="0.63" CC="04590530"/>
						<SP ID="P19_SP00006" HPOS="604" VPOS="153" WIDTH="17"/>
						<String ID="P19_ST00009" HPOS="621" VPOS="121" WIDTH="32" HEIGHT="23" CONTENT="be" WC="1.00" CC="00"/>
						<SP ID="P19_SP00007" HPOS="653" VPOS="153" WIDTH="13"/>
						<String ID="P19_ST00010" HPOS="666" VPOS="121" WIDTH="146" HEIGHT="32" CONTENT="something" WC="0.78" CC="009007000"/>
						<SP ID="P19_SP00008" HPOS="812" VPOS="153" WIDTH="13"/>
						<String ID="P19_ST00011" HPOS="825" VPOS="122" WIDTH="50" HEIGHT="23" CONTENT="else" WC="0.68" CC="0560"/>
						<SP ID="P19_SP00009" HPOS="875" VPOS="153" WIDTH="15"/>
						<String ID="P19_ST00012" HPOS="890" VPOS="122" WIDTH="82" HEIGHT="23" CONTENT="worth" WC="0.74" CC="00137"/>
					</TextLine>
					<TextLine ID="P19_TL00004" HPOS="102" VPOS="160" WIDTH="870" HEIGHT="33">
						<String ID="P19_ST00013" HPOS="102" VPOS="160" WIDTH="99" HEIGHT="32" CONTENT="having" WC="0.67" CC="703080"/>
						<SP ID="P19_SP00010" HPOS="201" VPOS="192" WIDTH="19"/>
						<String ID="P19_ST00014" HPOS="220" VPOS="161" WIDTH="28" HEIGHT="23" CONTENT="in" WC="1.00" CC="00"/>
						<SP ID="P19_SP00011" HPOS="248" VPOS="192" WIDTH="20"/>
						<String ID="P19_ST00015" HPOS="268" VPOS="161" WIDTH="45" HEIGHT="24" CONTENT="the" WC="0.66" CC="072"/>
						<SP ID="P19_SP00012" HPOS="313" VPOS="192" WIDTH="20"/>
						<String ID="P19_ST00016" HPOS="333" VPOS="164" WIDTH="117" HEIGHT="29" CONTENT="country." WC="0.89" CC="00053000"/>
						<SP ID="P19_SP00013" HPOS="450" VPOS="193" WIDTH="38"/>
						<String ID="P19_ST00017" HPOS="488" VPOS="161" WIDTH="40" HEIGHT="23" CONTENT="At" WC="1.00" CC="00"/>
						<SP ID="P19_SP00014" HPOS="528" VPOS="193" WIDTH="19"/>
						<String ID="P19_ST00018" HPOS="547" VPOS="170" WIDTH="51" HEIGHT="23" CONTENT="any" WC="1.00" CC="000"/>
						<SP ID="P19_SP00015" HPOS="598" VPOS="193" WIDTH="21"/>
						<String ID="P19_ST00019" HPOS="619" VPOS="164" WIDTH="63" HEIGHT="26" CONTENT="rate," WC="1.00" CC="00000"/>
						<SP ID="P19_SP00016" HPOS="682" VPOS="193" WIDTH="20"/>
						<String ID="P19_ST00020" HPOS="702" VPOS="161" WIDTH="32" HEIGHT="24" CONTENT="he" WC="0.71" CC="50"/>
						<SP ID="P19_SP00017" HPOS="734" VPOS="193" WIDTH="19"/>
						<String ID="P19_ST00021" HPOS="753" VPOS="170" WIDTH="71" HEIGHT="15" CONTENT="came" WC="1.00" CC="0000"/>
						<SP ID="P19_SP00018" HPOS="824" VPOS="193" WIDTH="18"/>
						<String ID="P19_ST00022" HPOS="842" VPOS="170" WIDTH="61" HEIGHT="16" CONTENT="over" WC="0.70" CC="3502"/>
						<SP ID="P19_SP00019" HPOS="903" VPOS="193" WIDTH="19"/>
						<String ID="P19_ST00023" HPOS="922" VPOS="162" WIDTH="50" HEIGHT="24" CONTENT="and" WC="0.80" CC="060"/>
					</TextLine>
					<TextLine ID="P19_TL00005" HPOS="102" VPOS="200" WIDTH="870" HEIGHT="33">
						<String ID="P19_ST00024" HPOS="102" VPOS="200" WIDTH="83" HEIGHT="25" CONTENT="found" WC="1.00" CC="00000"/>
						<SP ID="P19_SP00020" HPOS="185" VPOS="225" WIDTH="19"/>
						<String ID="P19_ST00025" HPOS="204" VPOS="209" WIDTH="47" HEIGHT="16" CONTENT="our" WC="0.45" CC="555"/>
						<SP ID="P19_SP00021" HPOS="251" VPOS="225" WIDTH="18"/>
						<String ID="P19_ST00026" HPOS="269" VPOS="201" WIDTH="62" HEIGHT="24" CONTENT="land" WC="0.91" CC="3000"/>
						<SP ID="P19_SP00022" HPOS="331" VPOS="225" WIDTH="19"/>
						<String ID="P19_ST00027" HPOS="350" VPOS="201" WIDTH="137" HEIGHT="24" CONTENT="inhabited" WC="0.92" CC="000070000"/>
						<SP ID="P19_SP00023" HPOS="487" VPOS="225" WIDTH="13"/>
						<String ID="P19_ST00028" HPOS="500" VPOS="201" WIDTH="35" HEIGHT="32" CONTENT="by" WC="0.80" CC="30"/>
						<SP ID="P19_SP00024" HPOS="535" VPOS="233" WIDTH="13"/>
						<String ID="P19_ST00029" HPOS="548" VPOS="201" WIDTH="89" HEIGHT="32" CONTENT="people" WC="1.00" CC="000000"/>
						<SP ID="P19_SP00025" HPOS="637" VPOS="233" WIDTH="13"/>
						<String ID="P19_ST00030" HPOS="650" VPOS="201" WIDTH="27" HEIGHT="24" CONTENT="of" WC="1.00" CC="00"/>
						<SP ID="P19_SP00026" HPOS="677" VPOS="233" WIDTH="18"/>
						<String ID="P19_ST00031" HPOS="695" VPOS="201" WIDTH="45" HEIGHT="25" CONTENT="the" WC="0.68" CC="252"/>
						<SP ID="P19_SP00027" HPOS="740" VPOS="233" WIDTH="14"/>
						<String ID="P19_ST00032" HPOS="754" VPOS="202" WIDTH="88" HEIGHT="31" CONTENT="Belgic" WC="0.82" CC="503010"/>
						<SP ID="P19_SP00028" HPOS="842" VPOS="233" WIDTH="17"/>
						<String ID="P19_ST00033" HPOS="859" VPOS="202" WIDTH="69" HEIGHT="24" CONTENT="tribe" WC="0.89" CC="05000"/>
						<SP ID="P19_SP00029" HPOS="928" VPOS="233" WIDTH="19"/>
						<String ID="P19_ST00034" HPOS="947" VPOS="202" WIDTH="25" HEIGHT="25" CONTENT="of" WC="1.00" CC="00"/>
					</TextLine>
					<TextLine ID="P19_TL00006" HPOS="104" VPOS="241" WIDTH="868" HEIGHT="34">
						<String ID="P19_ST00035" HPOS="104" VPOS="241" WIDTH="87" HEIGHT="30" CONTENT="Gauls," WC="0.87" CC="000240"/>
						<SP ID="P19_SP00030" HPOS="191" VPOS="271" WIDTH="22"/>
						<String ID="P19_ST00036" HPOS="213" VPOS="241" WIDTH="154" HEIGHT="25" CONTENT="barbarians" WC="0.76" CC="5043000054"/>
						<SP ID="P19_SP00031" HPOS="367" VPOS="271" WIDTH="19"/>
						<String ID="P19_ST00037" HPOS="386" VPOS="243" WIDTH="26" HEIGHT="23" CONTENT="of" WC="0.45" CC="55"/>
						<SP ID="P19_SP00032" HPOS="412" VPOS="271" WIDTH="19"/>
						<String ID="P19_ST00038" HPOS="431" VPOS="250" WIDTH="96" HEIGHT="21" CONTENT="course," WC="0.94" CC="0120000"/>
						<SP ID="P19_SP00033" HPOS="527" VPOS="271" WIDTH="15"/>
						<String ID="P19_ST00039" HPOS="542" VPOS="242" WIDTH="48" HEIGHT="24" CONTENT="but" WC="0.78" CC="060"/>
						<SP ID="P19_SP00034" HPOS="590" VPOS="271" WIDTH="19"/>
						<String ID="P19_ST00040" HPOS="609" VPOS="242" WIDTH="14" HEIGHT="24" CONTENT="I" WC="1.00" CC="0"/>
						<SP ID="P19_SP00035" HPOS="623" VPOS="271" WIDTH="16"/>
						<String ID="P19_ST00041" HPOS="639" VPOS="242" WIDTH="72" HEIGHT="24" CONTENT="don't" WC="0.80" CC="00126"/>
						<SP ID="P19_SP00036" HPOS="711" VPOS="271" WIDTH="13"/>
						<String ID="P19_ST00042" HPOS="724" VPOS="243" WIDTH="77" HEIGHT="23" CONTENT="think" WC="0.64" CC="06604"/>
						<SP ID="P19_SP00037" HPOS="801" VPOS="271" WIDTH="20"/>
						<String ID="P19_ST00043" HPOS="821" VPOS="244" WIDTH="72" HEIGHT="31" CONTENT="quite" WC="0.64" CC="86200"/>
						<SP ID="P19_SP00038" HPOS="893" VPOS="275" WIDTH="17"/>
						<String ID="P19_ST00044" HPOS="910" VPOS="243" WIDTH="62" HEIGHT="23" CONTENT="such" WC="0.58" CC="6405"/>
					</TextLine>
					<TextLine ID="P19_TL00007" HPOS="102" VPOS="281" WIDTH="870" HEIGHT="34">
						<String ID="P19_ST00045" HPOS="102" VPOS="281" WIDTH="154" HEIGHT="25" CONTENT="barbarians" WC="0.75" CC="7006050005"/>
						<SP ID="P19_SP00039" HPOS="256" VPOS="306" WIDTH="23"/>
						<String ID="P19_ST00046" HPOS="279" VPOS="291" WIDTH="28" HEIGHT="15" CONTENT="as" WC="1.00" CC="00"/>
						<SP ID="P19_SP00040" HPOS="307" VPOS="306" WIDTH="21"/>
						<String ID="P19_ST00047" HPOS="328" VPOS="291" WIDTH="38" HEIGHT="16" CONTENT="we" WC="1.00" CC="00"/>
						<SP ID="P19_SP00041" HPOS="366" VPOS="307" WIDTH="21"/>
						<String ID="P19_ST00048" HPOS="387" VPOS="292" WIDTH="44" HEIGHT="15" CONTENT="are" WC="0.77" CC="240"/>
						<SP ID="P19_SP00042" HPOS="431" VPOS="307" WIDTH="21"/>
						<String ID="P19_ST00049" HPOS="452" VPOS="282" WIDTH="97" HEIGHT="33" CONTENT="taught" WC="0.68" CC="003950"/>
						<SP ID="P19_SP00043" HPOS="549" VPOS="315" WIDTH="22"/>
						<String ID="P19_ST00050" HPOS="571" VPOS="286" WIDTH="27" HEIGHT="20" CONTENT="to" WC="0.74" CC="50"/>
						<SP ID="P19_SP00044" HPOS="598" VPOS="315" WIDTH="16"/>
						<String ID="P19_ST00051" HPOS="614" VPOS="282" WIDTH="106" HEIGHT="30" CONTENT="believe," WC="0.84" CC="00041500"/>
						<SP ID="P19_SP00045" HPOS="720" VPOS="315" WIDTH="22"/>
						<String ID="P19_ST00052" HPOS="742" VPOS="282" WIDTH="42" HEIGHT="24" CONTENT="for" WC="0.56" CC="076"/>
						<SP ID="P19_SP00046" HPOS="784" VPOS="315" WIDTH="19"/>
						<String ID="P19_ST00053" HPOS="803" VPOS="283" WIDTH="62" HEIGHT="32" CONTENT="they" WC="0.73" CC="4600"/>
						<SP ID="P19_SP00047" HPOS="865" VPOS="315" WIDTH="21"/>
						<String ID="P19_ST00054" HPOS="886" VPOS="283" WIDTH="53" HEIGHT="24" CONTENT="had" WC="0.82" CC="500"/>
						<SP ID="P19_SP00048" HPOS="939" VPOS="315" WIDTH="19"/>
						<String ID="P19_ST00055" HPOS="958" VPOS="292" WIDTH="14" HEIGHT="15" CONTENT="a" WC="1.00" CC="0"/>
					</TextLine>
					<TextLine ID="P19_TL00008" HPOS="102" VPOS="321" WIDTH="869" HEIGHT="34">
						<String ID="P19_ST00056" HPOS="102" VPOS="321" WIDTH="110" HEIGHT="25" CONTENT="distinct" WC="0.64" CC="90762200"/>
						<SP ID="P19_SP00049" HPOS="212" VPOS="346" WIDTH="14"/>
						<String ID="P19_ST00057" HPOS="226" VPOS="323" WIDTH="109" HEIGHT="31" CONTENT="religion" WC="0.68" CC="40029009"/>
						<SP ID="P19_SP00050" HPOS="335" VPOS="354" WIDTH="13"/>
						<String ID="P19_ST00058" HPOS="348" VPOS="323" WIDTH="27" HEIGHT="24" CONTENT="of" WC="0.74" CC="50"/>
						<SP ID="P19_SP00051" HPOS="375" VPOS="354" WIDTH="13"/>
						<String ID="P19_ST00059" HPOS="388" VPOS="324" WIDTH="68" HEIGHT="24" CONTENT="their" WC="0.64" CC="36052"/>
						<SP ID="P19_SP00052" HPOS="456" VPOS="354" WIDTH="13"/>
						<String ID="P19_ST00060" HPOS="469" VPOS="332" WIDTH="66" HEIGHT="20" CONTENT="own," WC="0.86" CC="4010"/>
						<SP ID="P19_SP00053" HPOS="535" VPOS="354" WIDTH="14"/>
						<String ID="P19_ST00061" HPOS="549" VPOS="322" WIDTH="66" HEIGHT="24" CONTENT="with" WC="0.73" CC="0055"/>
						<SP ID="P19_SP00054" HPOS="615" VPOS="354" WIDTH="12"/>
						<String ID="P19_ST00062" HPOS="627" VPOS="322" WIDTH="62" HEIGHT="32" CONTENT="gods" WC="0.82" CC="0105"/>
						<String ID="P19_ST00063" HPOS="691" VPOS="338" WIDTH="34" HEIGHT="3" CONTENT="—" WC="0.20" CC="8"/>
						<String ID="P19_ST00064" HPOS="726" VPOS="322" WIDTH="123" HEIGHT="31" CONTENT="Taramis," WC="0.92" CC="00000060"/>
						<SP ID="P19_SP00055" HPOS="849" VPOS="354" WIDTH="15"/>
						<String ID="P19_ST00065" HPOS="864" VPOS="324" WIDTH="44" HEIGHT="24" CONTENT="the" WC="0.57" CC="075"/>
						<SP ID="P19_SP00056" HPOS="908" VPOS="354" WIDTH="13"/>
						<String ID="P19_ST00066" HPOS="921" VPOS="324" WIDTH="50" HEIGHT="31" CONTENT="god" WC="0.57" CC="930"/>
					</TextLine>
					<TextLine ID="P19_TL00009" HPOS="104" VPOS="361" WIDTH="865" HEIGHT="35">
						<String ID="P19_ST00067" HPOS="104" VPOS="361" WIDTH="26" HEIGHT="25" CONTENT="of" WC="0.96" CC="00"/>
						<SP ID="P19_SP00057" HPOS="130" VPOS="386" WIDTH="22"/>
						<String ID="P19_ST00068" HPOS="152" VPOS="362" WIDTH="122" HEIGHT="31" CONTENT="thunder," WC="0.70" CC="27550030"/>
						<SP ID="P19_SP00058" HPOS="274" VPOS="393" WIDTH="25"/>
						<String ID="P19_ST00069" HPOS="299" VPOS="365" WIDTH="147" HEIGHT="31" CONTENT="answering" WC="0.60" CC="955900050"/>
						<SP ID="P19_SP00059" HPOS="446" VPOS="396" WIDTH="19"/>
						<String ID="P19_ST00070" HPOS="465" VPOS="366" WIDTH="27" HEIGHT="21" CONTENT="to" WC="0.64" CC="60"/>
						<SP ID="P19_SP00060" HPOS="492" VPOS="396" WIDTH="18"/>
						<String ID="P19_ST00071" HPOS="510" VPOS="364" WIDTH="46" HEIGHT="23" CONTENT="the" WC="0.75" CC="060"/>
						<SP ID="P19_SP00061" HPOS="556" VPOS="396" WIDTH="21"/>
						<String ID="P19_ST00072" HPOS="577" VPOS="364" WIDTH="103" HEIGHT="23" CONTENT="Roman" WC="0.60" CC="74800"/>
						<SP ID="P19_SP00062" HPOS="680" VPOS="396" WIDTH="18"/>
						<String ID="P19_ST00073" HPOS="698" VPOS="363" WIDTH="106" HEIGHT="32" CONTENT="Jupiter" WC="0.86" CC="0500004"/>
						<String ID="P19_ST00074" HPOS="813" VPOS="372" WIDTH="7" HEIGHT="21" CONTENT=";" WC="0.31" CC="6"/>
						<SP ID="P19_SP00063" HPOS="820" VPOS="396" WIDTH="19"/>
						<String ID="P19_ST00075" HPOS="839" VPOS="364" WIDTH="130" HEIGHT="30" CONTENT="Teutates," WC="0.79" CC="004009050"/>
					</TextLine>
					<TextLine ID="P19_TL00010" HPOS="103" VPOS="402" WIDTH="867" HEIGHT="35">
						<String ID="P19_ST00076" HPOS="103" VPOS="402" WIDTH="47" HEIGHT="24" CONTENT="the" WC="0.80" CC="060"/>
						<SP ID="P19_SP00064" HPOS="150" VPOS="426" WIDTH="13"/>
						<String ID="P19_ST00077" HPOS="163" VPOS="403" WIDTH="50" HEIGHT="31" CONTENT="god" WC="0.90" CC="003"/>
						<SP ID="P19_SP00065" HPOS="213" VPOS="434" WIDTH="14"/>
						<String ID="P19_ST00078" HPOS="227" VPOS="404" WIDTH="27" HEIGHT="23" CONTENT="of" WC="0.78" CC="40"/>
						<SP ID="P19_SP00066" HPOS="254" VPOS="434" WIDTH="18"/>
						<String ID="P19_ST00079" HPOS="272" VPOS="404" WIDTH="123" HEIGHT="33" CONTENT="journeys" WC="0.65" CC="41050193"/>
						<SP ID="P19_SP00067" HPOS="395" VPOS="437" WIDTH="19"/>
						<String ID="P19_ST00080" HPOS="414" VPOS="413" WIDTH="5" HEIGHT="21" CONTENT=";" WC="1.00" CC="0"/>
						<SP ID="P19_SP00068" HPOS="419" VPOS="437" WIDTH="20"/>
						<String ID="P19_ST00081" HPOS="439" VPOS="404" WIDTH="94" HEIGHT="28" CONTENT="Hesus," WC="0.78" CC="304040"/>
						<SP ID="P19_SP00069" HPOS="533" VPOS="437" WIDTH="16"/>
						<String ID="P19_ST00082" HPOS="549" VPOS="411" WIDTH="28" HEIGHT="16" CONTENT="or" WC="0.53" CC="53"/>
						<SP ID="P19_SP00070" HPOS="577" VPOS="437" WIDTH="17"/>
						<String ID="P19_ST00083" HPOS="594" VPOS="403" WIDTH="131" HEIGHT="29" CONTENT="Camulus," WC="0.62" CC="40065570"/>
						<SP ID="P19_SP00071" HPOS="725" VPOS="437" WIDTH="15"/>
						<String ID="P19_ST00084" HPOS="740" VPOS="404" WIDTH="45" HEIGHT="23" CONTENT="the" WC="0.92" CC="020"/>
						<SP ID="P19_SP00072" HPOS="785" VPOS="437" WIDTH="13"/>
						<String ID="P19_ST00085" HPOS="798" VPOS="404" WIDTH="49" HEIGHT="31" CONTENT="god" WC="1.00" CC="000"/>
						<SP ID="P19_SP00073" HPOS="847" VPOS="437" WIDTH="14"/>
						<String ID="P19_ST00086" HPOS="861" VPOS="404" WIDTH="26" HEIGHT="24" CONTENT="of" WC="0.51" CC="17"/>
						<SP ID="P19_SP00074" HPOS="887" VPOS="437" WIDTH="10"/>
						<String ID="P19_ST00087" HPOS="897" VPOS="414" WIDTH="53" HEIGHT="14" CONTENT="war" WC="0.86" CC="004"/>
						<SP ID="P19_SP00075" HPOS="950" VPOS="437" WIDTH="14"/>
						<String ID="P19_ST00088" HPOS="964" VPOS="414" WIDTH="6" HEIGHT="21" CONTENT=";" WC="0.61" CC="3"/>
					</TextLine>
					<TextLine ID="P19_TL00011" HPOS="104" VPOS="443" WIDTH="866" HEIGHT="32">
						<String ID="P19_ST00089" HPOS="104" VPOS="443" WIDTH="101" HEIGHT="30" CONTENT="Beleus," WC="0.82" CC="7000103"/>
						<SP ID="P19_SP00076" HPOS="205" VPOS="473" WIDTH="11"/>
						<String ID="P19_ST00090" HPOS="216" VPOS="452" WIDTH="28" HEIGHT="15" CONTENT="or" WC="0.53" CC="44"/>
						<SP ID="P19_SP00077" HPOS="244" VPOS="473" WIDTH="9"/>
						<String ID="P19_ST00091" HPOS="253" VPOS="444" WIDTH="114" HEIGHT="30" CONTENT="Belinus," WC="0.78" CC="50030350"/>
						<SP ID="P19_SP00078" HPOS="367" VPOS="474" WIDTH="12"/>
						<String ID="P19_ST00092" HPOS="379" VPOS="444" WIDTH="44" HEIGHT="25" CONTENT="the" WC="0.62" CC="370"/>
						<SP ID="P19_SP00079" HPOS="423" VPOS="474" WIDTH="10"/>
						<String ID="P19_ST00093" HPOS="433" VPOS="444" WIDTH="68" HEIGHT="24" CONTENT="chief" WC="0.92" CC="03000"/>
						<SP ID="P19_SP00080" HPOS="501" VPOS="474" WIDTH="13"/>
						<String ID="P19_ST00094" HPOS="514" VPOS="443" WIDTH="26" HEIGHT="25" CONTENT="of" WC="1.00" CC="00"/>
						<SP ID="P19_SP00081" HPOS="540" VPOS="474" WIDTH="9"/>
						<String ID="P19_ST00095" HPOS="549" VPOS="444" WIDTH="42" HEIGHT="29" CONTENT="all," WC="1.00" CC="0000"/>
						<SP ID="P19_SP00082" HPOS="591" VPOS="474" WIDTH="10"/>
						<String ID="P19_ST00096" HPOS="601" VPOS="443" WIDTH="50" HEIGHT="32" CONTENT="god" WC="1.00" CC="000"/>
						<SP ID="P19_SP00083" HPOS="651" VPOS="475" WIDTH="9"/>
						<String ID="P19_ST00097" HPOS="660" VPOS="443" WIDTH="27" HEIGHT="24" CONTENT="of" WC="1.00" CC="00"/>
						<SP ID="P19_SP00084" HPOS="687" VPOS="475" WIDTH="12"/>
						<String ID="P19_ST00098" HPOS="699" VPOS="443" WIDTH="44" HEIGHT="25" CONTENT="the" WC="0.77" CC="600"/>
						<SP ID="P19_SP00085" HPOS="743" VPOS="475" WIDTH="10"/>
						<String ID="P19_ST00099" HPOS="753" VPOS="453" WIDTH="47" HEIGHT="14" CONTENT="sun" WC="0.38" CC="359"/>
						<SP ID="P19_SP00086" HPOS="800" VPOS="475" WIDTH="9"/>
						<String ID="P19_ST00100" HPOS="809" VPOS="444" WIDTH="52" HEIGHT="24" CONTENT="and" WC="0.88" CC="300"/>
						<SP ID="P19_SP00087" HPOS="861" VPOS="475" WIDTH="8"/>
						<String ID="P19_ST00101" HPOS="869" VPOS="445" WIDTH="27" HEIGHT="24" CONTENT="of" WC="0.22" CC="59"/>
						<SP ID="P19_SP00088" HPOS="896" VPOS="475" WIDTH="12"/>
						<String ID="P19_ST00102" HPOS="908" VPOS="445" WIDTH="45" HEIGHT="24" CONTENT="fire" WC="0.73" CC="2250"/>
						<SP ID="P19_SP00089" HPOS="953" VPOS="475" WIDTH="12"/>
						<String ID="P19_ST00103" HPOS="965" VPOS="454" WIDTH="5" HEIGHT="21" CONTENT=";" WC="0.34" CC="6"/>
					</TextLine>
					<TextLine ID="P19_TL00012" HPOS="104" VPOS="483" WIDTH="865" HEIGHT="33">
						<String ID="P19_ST00104" HPOS="104" VPOS="483" WIDTH="87" HEIGHT="30" CONTENT="Cama," WC="0.88" CC="60000"/>
						<SP ID="P19_SP00090" HPOS="191" VPOS="513" WIDTH="16"/>
						<String ID="P19_ST00105" HPOS="207" VPOS="492" WIDTH="29" HEIGHT="16" CONTENT="or" WC="1.00" CC="00"/>
						<SP ID="P19_SP00091" HPOS="236" VPOS="513" WIDTH="18"/>
						<String ID="P19_ST00106" HPOS="254" VPOS="485" WIDTH="93" HEIGHT="29" CONTENT="Diana," WC="0.56" CC="539700"/>
						<SP ID="P19_SP00092" HPOS="347" VPOS="514" WIDTH="15"/>
						<String ID="P19_ST00107" HPOS="362" VPOS="485" WIDTH="53" HEIGHT="24" CONTENT="and" WC="1.00" CC="000"/>
						<SP ID="P19_SP00093" HPOS="415" VPOS="514" WIDTH="22"/>
						<String ID="P19_ST00108" HPOS="437" VPOS="492" WIDTH="27" HEIGHT="17" CONTENT="so" WC="0.83" CC="30"/>
						<SP ID="P19_SP00094" HPOS="464" VPOS="514" WIDTH="20"/>
						<String ID="P19_ST00109" HPOS="484" VPOS="492" WIDTH="40" HEIGHT="17" CONTENT="on." WC="0.79" CC="401"/>
						<SP ID="P19_SP00095" HPOS="524" VPOS="514" WIDTH="39"/>
						<String ID="P19_ST00110" HPOS="563" VPOS="484" WIDTH="144" HEIGHT="29" CONTENT="Moreover," WC="0.86" CC="010008020"/>
						<SP ID="P19_SP00096" HPOS="707" VPOS="514" WIDTH="22"/>
						<String ID="P19_ST00111" HPOS="729" VPOS="484" WIDTH="63" HEIGHT="32" CONTENT="they" WC="0.64" CC="0319"/>
						<SP ID="P19_SP00097" HPOS="792" VPOS="516" WIDTH="15"/>
						<String ID="P19_ST00112" HPOS="807" VPOS="485" WIDTH="74" HEIGHT="24" CONTENT="could" WC="0.63" CC="02428"/>
						<SP ID="P19_SP00098" HPOS="881" VPOS="516" WIDTH="18"/>
						<String ID="P19_ST00113" HPOS="899" VPOS="486" WIDTH="70" HEIGHT="23" CONTENT="work" WC="0.85" CC="0401"/>
					</TextLine>
					<TextLine ID="P19_TL00013" HPOS="103" VPOS="524" WIDTH="868" HEIGHT="34">
						<String ID="P19_ST00114" HPOS="103" VPOS="524" WIDTH="120" HEIGHT="33" CONTENT="skilfully" WC="0.68" CC="700642530"/>
						<SP ID="P19_SP00099" HPOS="223" VPOS="557" WIDTH="19"/>
						<String ID="P19_ST00115" HPOS="242" VPOS="525" WIDTH="28" HEIGHT="23" CONTENT="in" WC="0.50" CC="09"/>
						<SP ID="P19_SP00100" HPOS="270" VPOS="557" WIDTH="19"/>
						<String ID="P19_ST00116" HPOS="289" VPOS="525" WIDTH="101" HEIGHT="30" CONTENT="bronze," WC="0.89" CC="7000000"/>
						<SP ID="P19_SP00101" HPOS="390" VPOS="557" WIDTH="20"/>
						<String ID="P19_ST00117" HPOS="410" VPOS="525" WIDTH="53" HEIGHT="24" CONTENT="and" WC="0.77" CC="060"/>
						<SP ID="P19_SP00102" HPOS="463" VPOS="557" WIDTH="18"/>
						<String ID="P19_ST00118" HPOS="481" VPOS="527" WIDTH="70" HEIGHT="21" CONTENT="went" WC="0.82" CC="0007"/>
						<SP ID="P19_SP00103" HPOS="551" VPOS="557" WIDTH="16"/>
						<String ID="P19_ST00119" HPOS="567" VPOS="527" WIDTH="28" HEIGHT="21" CONTENT="to" WC="1.00" CC="00"/>
						<SP ID="P19_SP00104" HPOS="595" VPOS="557" WIDTH="15"/>
						<String ID="P19_ST00120" HPOS="610" VPOS="533" WIDTH="55" HEIGHT="14" CONTENT="war" WC="0.79" CC="006"/>
						<SP ID="P19_SP00105" HPOS="665" VPOS="557" WIDTH="16"/>
						<String ID="P19_ST00121" HPOS="681" VPOS="525" WIDTH="28" HEIGHT="22" CONTENT="in" WC="0.63" CC="07"/>
						<SP ID="P19_SP00106" HPOS="709" VPOS="557" WIDTH="17"/>
						<String ID="P19_ST00122" HPOS="726" VPOS="524" WIDTH="112" HEIGHT="24" CONTENT="chariots" WC="0.71" CC="06030507"/>
						<String ID="P19_ST00123" HPOS="840" VPOS="541" WIDTH="32" HEIGHT="1" CONTENT="—" WC="0.20" CC="8"/>
						<String ID="P19_ST00124" HPOS="875" VPOS="533" WIDTH="15" HEIGHT="15" CONTENT="a" WC="0.03" CC="9"/>
						<SP ID="P19_SP00107" HPOS="890" VPOS="557" WIDTH="18"/>
						<String ID="P19_ST00125" HPOS="908" VPOS="534" WIDTH="63" HEIGHT="24" CONTENT="very" WC="0.78" CC="7010"/>
					</TextLine>
					<TextLine ID="P19_TL00014" HPOS="104" VPOS="564" WIDTH="868" HEIGHT="33">
						<String ID="P19_ST00126" HPOS="104" VPOS="573" WIDTH="59" HEIGHT="15" CONTENT="sure" WC="0.73" CC="4320"/>
						<SP ID="P19_SP00108" HPOS="163" VPOS="588" WIDTH="33"/>
						<String ID="P19_ST00127" HPOS="196" VPOS="565" WIDTH="76" HEIGHT="32" CONTENT="proof" WC="0.86" CC="00600"/>
						<SP ID="P19_SP00109" HPOS="272" VPOS="597" WIDTH="38"/>
						<String ID="P19_ST00128" HPOS="310" VPOS="565" WIDTH="59" HEIGHT="24" CONTENT="that" WC="0.70" CC="3170"/>
						<SP ID="P19_SP00110" HPOS="369" VPOS="597" WIDTH="40"/>
						<String ID="P19_ST00129" HPOS="409" VPOS="565" WIDTH="63" HEIGHT="32" CONTENT="they" WC="0.80" CC="0700"/>
						<SP ID="P19_SP00111" HPOS="472" VPOS="597" WIDTH="38"/>
						<String ID="P19_ST00130" HPOS="510" VPOS="564" WIDTH="50" HEIGHT="27" CONTENT="had" WC="0.75" CC="700"/>
						<SP ID="P19_SP00112" HPOS="560" VPOS="597" WIDTH="32"/>
						<String ID="P19_ST00131" HPOS="592" VPOS="564" WIDTH="75" HEIGHT="24" CONTENT="made" WC="1.00" CC="0000"/>
						<SP ID="P19_SP00113" HPOS="667" VPOS="597" WIDTH="31"/>
						<String ID="P19_ST00132" HPOS="698" VPOS="573" WIDTH="68" HEIGHT="16" CONTENT="some" WC="0.91" CC="3000"/>
						<SP ID="P19_SP00114" HPOS="766" VPOS="597" WIDTH="31"/>
						<String ID="P19_ST00133" HPOS="797" VPOS="574" WIDTH="117" HEIGHT="23" CONTENT="progress" WC="0.77" CC="00200059"/>
						<SP ID="P19_SP00115" HPOS="914" VPOS="597" WIDTH="30"/>
						<String ID="P19_ST00134" HPOS="944" VPOS="567" WIDTH="28" HEIGHT="23" CONTENT="in" WC="1.00" CC="00"/>
					</TextLine>
					<TextLine ID="P19_TL00015" HPOS="104" VPOS="606" WIDTH="191" HEIGHT="23">
						<String ID="P19_ST00135" HPOS="104" VPOS="606" WIDTH="191" HEIGHT="23" CONTENT="manufacture." WC="0.60" CC="998000073602"/>
					</TextLine>
				</TextBlock>
				<TextBlock ID="P19_TB00004" HPOS="103" VPOS="645" WIDTH="868" HEIGHT="152" STYLEREFS="TXT_1 PAR_LEFT">
					<TextLine ID="P19_TL00016" HPOS="140" VPOS="645" WIDTH="831" HEIGHT="34">
						<String ID="P19_ST00136" HPOS="140" VPOS="646" WIDTH="15" HEIGHT="23" CONTENT="I" WC="1.00" CC="0"/>
						<SP ID="P19_SP00116" HPOS="155" VPOS="669" WIDTH="13"/>
						<String ID="P19_ST00137" HPOS="168" VPOS="655" WIDTH="42" HEIGHT="14" CONTENT="am" WC="0.50" CC="90"/>
						<SP ID="P19_SP00117" HPOS="210" VPOS="669" WIDTH="13"/>
						<String ID="P19_ST00138" HPOS="223" VPOS="651" WIDTH="47" HEIGHT="18" CONTENT="not" WC="1.00" CC="000"/>
						<SP ID="P19_SP00118" HPOS="270" VPOS="669" WIDTH="13"/>
						<String ID="P19_ST00139" HPOS="283" VPOS="647" WIDTH="78" HEIGHT="31" CONTENT="going" WC="0.86" CC="06000"/>
						<SP ID="P19_SP00119" HPOS="361" VPOS="678" WIDTH="14"/>
						<String ID="P19_ST00140" HPOS="375" VPOS="651" WIDTH="27" HEIGHT="19" CONTENT="to" WC="0.53" CC="44"/>
						<SP ID="P19_SP00120" HPOS="402" VPOS="678" WIDTH="17"/>
						<String ID="P19_ST00141" HPOS="419" VPOS="646" WIDTH="94" HEIGHT="24" CONTENT="bother" WC="0.71" CC="310604"/>
						<SP ID="P19_SP00121" HPOS="513" VPOS="678" WIDTH="14"/>
						<String ID="P19_ST00142" HPOS="527" VPOS="654" WIDTH="51" HEIGHT="25" CONTENT="you" WC="0.22" CC="949"/>
						<SP ID="P19_SP00122" HPOS="578" VPOS="679" WIDTH="20"/>
						<String ID="P19_ST00143" HPOS="598" VPOS="645" WIDTH="80" HEIGHT="24" CONTENT="about" WC="0.48" CC="97250"/>
						<SP ID="P19_SP00123" HPOS="678" VPOS="679" WIDTH="19"/>
						<String ID="P19_ST00144" HPOS="697" VPOS="645" WIDTH="45" HEIGHT="24" CONTENT="the" WC="0.75" CC="070"/>
						<SP ID="P19_SP00124" HPOS="742" VPOS="679" WIDTH="13"/>
						<String ID="P19_ST00145" HPOS="755" VPOS="646" WIDTH="104" HEIGHT="29" CONTENT="Druids," WC="0.68" CC="7344030"/>
						<SP ID="P19_SP00125" HPOS="859" VPOS="679" WIDTH="15"/>
						<String ID="P19_ST00146" HPOS="874" VPOS="646" WIDTH="40" HEIGHT="24" CONTENT="for" WC="0.55" CC="039"/>
						<SP ID="P19_SP00126" HPOS="914" VPOS="679" WIDTH="13"/>
						<String ID="P19_ST00147" HPOS="927" VPOS="647" WIDTH="44" HEIGHT="23" CONTENT="the" WC="0.79" CC="060"/>
					</TextLine>
					<TextLine ID="P19_TL00017" HPOS="103" VPOS="685" WIDTH="868" HEIGHT="33">
						<String ID="P19_ST00148" HPOS="103" VPOS="685" WIDTH="107" HEIGHT="25" CONTENT="learned" WC="0.82" CC="0902000"/>
						<SP ID="P19_SP00127" HPOS="210" VPOS="710" WIDTH="19"/>
						<String ID="P19_ST00149" HPOS="229" VPOS="694" WIDTH="60" HEIGHT="16" CONTENT="men" WC="0.75" CC="007"/>
						<SP ID="P19_SP00128" HPOS="289" VPOS="710" WIDTH="18"/>
						<String ID="P19_ST00150" HPOS="307" VPOS="686" WIDTH="27" HEIGHT="24" CONTENT="of" WC="0.81" CC="30"/>
						<SP ID="P19_SP00129" HPOS="334" VPOS="710" WIDTH="24"/>
						<String ID="P19_ST00151" HPOS="358" VPOS="686" WIDTH="89" HEIGHT="32" CONTENT="to-day" WC="1.00" CC="000000"/>
						<SP ID="P19_SP00130" HPOS="447" VPOS="718" WIDTH="25"/>
						<String ID="P19_ST00152" HPOS="472" VPOS="694" WIDTH="44" HEIGHT="16" CONTENT="are" WC="0.85" CC="040"/>
						<SP ID="P19_SP00131" HPOS="516" VPOS="718" WIDTH="17"/>
						<String ID="P19_ST00153" HPOS="533" VPOS="685" WIDTH="143" HEIGHT="33" CONTENT="beginning" WC="0.70" CC="410075430"/>
						<SP ID="P19_SP00132" HPOS="676" VPOS="718" WIDTH="23"/>
						<String ID="P19_ST00154" HPOS="699" VPOS="688" WIDTH="28" HEIGHT="21" CONTENT="to" WC="1.00" CC="00"/>
						<SP ID="P19_SP00133" HPOS="727" VPOS="718" WIDTH="18"/>
						<String ID="P19_ST00155" HPOS="745" VPOS="685" WIDTH="83" HEIGHT="25" CONTENT="doubt" WC="0.92" CC="00300"/>
						<SP ID="P19_SP00134" HPOS="828" VPOS="718" WIDTH="20"/>
						<String ID="P19_ST00156" HPOS="848" VPOS="686" WIDTH="21" HEIGHT="24" CONTENT="if" WC="0.48" CC="36"/>
						<SP ID="P19_SP00135" HPOS="869" VPOS="718" WIDTH="19"/>
						<String ID="P19_ST00157" HPOS="888" VPOS="686" WIDTH="83" HEIGHT="24" CONTENT="Cæsar" WC="0.69" CC="52700"/>
					</TextLine>
					<TextLine ID="P19_TL00018" HPOS="104" VPOS="725" WIDTH="867" HEIGHT="34">
						<String ID="P19_ST00158" HPOS="104" VPOS="725" WIDTH="83" HEIGHT="25" CONTENT="found" WC="0.46" CC="79440"/>
						<SP ID="P19_SP00136" HPOS="187" VPOS="750" WIDTH="13"/>
						<String ID="P19_ST00159" HPOS="200" VPOS="735" WIDTH="51" HEIGHT="22" CONTENT="any" WC="1.00" CC="000"/>
						<SP ID="P19_SP00137" HPOS="251" VPOS="757" WIDTH="15"/>
						<String ID="P19_ST00160" HPOS="266" VPOS="726" WIDTH="134" HEIGHT="24" CONTENT="Druidism" WC="0.79" CC="90320000"/>
						<SP ID="P19_SP00138" HPOS="400" VPOS="757" WIDTH="13"/>
						<String ID="P19_ST00161" HPOS="413" VPOS="727" WIDTH="28" HEIGHT="22" CONTENT="in" WC="0.88" CC="20"/>
						<SP ID="P19_SP00139" HPOS="441" VPOS="757" WIDTH="14"/>
						<String ID="P19_ST00162" HPOS="455" VPOS="726" WIDTH="122" HEIGHT="31" CONTENT="England" WC="0.65" CC="1005970"/>
						<SP ID="P19_SP00140" HPOS="577" VPOS="757" WIDTH="13"/>
						<String ID="P19_ST00163" HPOS="590" VPOS="728" WIDTH="27" HEIGHT="21" CONTENT="at" WC="1.00" CC="00"/>
						<SP ID="P19_SP00141" HPOS="617" VPOS="757" WIDTH="13"/>
						<String ID="P19_ST00164" HPOS="630" VPOS="726" WIDTH="41" HEIGHT="29" CONTENT="all," WC="0.81" CC="0700"/>
						<SP ID="P19_SP00142" HPOS="671" VPOS="757" WIDTH="15"/>
						<String ID="P19_ST00165" HPOS="686" VPOS="725" WIDTH="125" HEIGHT="32" CONTENT="although" WC="0.68" CC="04670007"/>
						<SP ID="P19_SP00143" HPOS="811" VPOS="757" WIDTH="14"/>
						<String ID="P19_ST00166" HPOS="825" VPOS="727" WIDTH="22" HEIGHT="23" CONTENT="it" WC="0.84" CC="30"/>
						<SP ID="P19_SP00144" HPOS="847" VPOS="757" WIDTH="12"/>
						<String ID="P19_ST00167" HPOS="859" VPOS="727" WIDTH="112" HEIGHT="32" CONTENT="possibly" WC="0.74" CC="50570020"/>
					</TextLine>
					<TextLine ID="P19_TL00019" HPOS="105" VPOS="766" WIDTH="713" HEIGHT="31">
						<String ID="P19_ST00168" HPOS="105" VPOS="767" WIDTH="118" HEIGHT="30" CONTENT="lingered" WC="0.68" CC="00783400"/>
						<SP ID="P19_SP00145" HPOS="223" VPOS="797" WIDTH="13"/>
						<String ID="P19_ST00169" HPOS="236" VPOS="768" WIDTH="27" HEIGHT="22" CONTENT="in" WC="1.00" CC="00"/>
						<SP ID="P19_SP00146" HPOS="263" VPOS="797" WIDTH="15"/>
						<String ID="P19_ST00170" HPOS="278" VPOS="767" WIDTH="95" HEIGHT="29" CONTENT="Wales," WC="0.60" CC="906070"/>
						<SP ID="P19_SP00147" HPOS="373" VPOS="797" WIDTH="16"/>
						<String ID="P19_ST00171" HPOS="389" VPOS="767" WIDTH="112" HEIGHT="23" CONTENT="whither" WC="0.82" CC="0600600"/>
						<SP ID="P19_SP00148" HPOS="501" VPOS="797" WIDTH="13"/>
						<String ID="P19_ST00172" HPOS="514" VPOS="767" WIDTH="32" HEIGHT="23" CONTENT="he" WC="0.66" CC="60"/>
						<SP ID="P19_SP00149" HPOS="546" VPOS="797" WIDTH="13"/>
						<String ID="P19_ST00173" HPOS="559" VPOS="766" WIDTH="45" HEIGHT="24" CONTENT="did" WC="1.00" CC="000"/>
						<SP ID="P19_SP00150" HPOS="604" VPOS="797" WIDTH="13"/>
						<String ID="P19_ST00174" HPOS="617" VPOS="768" WIDTH="47" HEIGHT="22" CONTENT="not" WC="0.69" CC="017"/>
						<SP ID="P19_SP00151" HPOS="664" VPOS="797" WIDTH="12"/>
						<String ID="P19_ST00175" HPOS="676" VPOS="768" WIDTH="142" HEIGHT="29" CONTENT="penetrate." WC="0.87" CC="0250040000"/>
					</TextLine>
				</TextBlock>
				<TextBlock ID="P19_TB00005" HPOS="103" VPOS="806" WIDTH="868" HEIGHT="145" STYLEREFS="TXT_1 PAR_LEFT">
					<TextLine ID="P19_TL00020" HPOS="139" VPOS="807" WIDTH="830" HEIGHT="32">
						<String ID="P19_ST00176" HPOS="139" VPOS="807" WIDTH="74" HEIGHT="29" CONTENT="Now," WC="0.79" CC="7100"/>
						<SP ID="P19_SP00152" HPOS="213" VPOS="836" WIDTH="21"/>
						<String ID="P19_ST00177" HPOS="234" VPOS="807" WIDTH="89" HEIGHT="23" CONTENT="before" WC="0.77" CC="030540"/>
						<SP ID="P19_SP00153" HPOS="323" VPOS="836" WIDTH="22"/>
						<String ID="P19_ST00178" HPOS="345" VPOS="815" WIDTH="38" HEIGHT="15" CONTENT="we" WC="1.00" CC="00"/>
						<SP ID="P19_SP00154" HPOS="383" VPOS="836" WIDTH="19"/>
						<String ID="P19_ST00179" HPOS="402" VPOS="815" WIDTH="31" HEIGHT="24" CONTENT="go" WC="0.50" CC="09"/>
						<SP ID="P19_SP00155" HPOS="433" VPOS="839" WIDTH="20"/>
						<String ID="P19_ST00180" HPOS="453" VPOS="816" WIDTH="52" HEIGHT="23" CONTENT="any" WC="0.46" CC="870"/>
						<SP ID="P19_SP00156" HPOS="505" VPOS="839" WIDTH="17"/>
						<String ID="P19_ST00181" HPOS="522" VPOS="807" WIDTH="110" HEIGHT="28" CONTENT="further," WC="0.69" CC="05527040"/>
						<SP ID="P19_SP00157" HPOS="632" VPOS="839" WIDTH="22"/>
						<String ID="P19_ST00182" HPOS="654" VPOS="807" WIDTH="14" HEIGHT="22" CONTENT="I" WC="1.00" CC="0"/>
						<SP ID="P19_SP00158" HPOS="668" VPOS="839" WIDTH="20"/>
						<String ID="P19_ST00183" HPOS="688" VPOS="809" WIDTH="71" HEIGHT="21" CONTENT="want" WC="0.61" CC="0905"/>
						<SP ID="P19_SP00159" HPOS="759" VPOS="839" WIDTH="17"/>
						<String ID="P19_ST00184" HPOS="776" VPOS="816" WIDTH="51" HEIGHT="23" CONTENT="you" WC="0.67" CC="009"/>
						<SP ID="P19_SP00160" HPOS="827" VPOS="839" WIDTH="20"/>
						<String ID="P19_ST00185" HPOS="847" VPOS="810" WIDTH="27" HEIGHT="21" CONTENT="to" WC="0.68" CC="60"/>
						<SP ID="P19_SP00161" HPOS="874" VPOS="839" WIDTH="19"/>
						<String ID="P19_ST00186" HPOS="893" VPOS="808" WIDTH="76" HEIGHT="24" CONTENT="know" SUBS_TYPE="HypPart1" SUBS_CONTENT="knowsomething" WC="0.57" CC="10684"/>
						<HYP CONTENT="-"/>
					</TextLine>
					<TextLine ID="P19_TL00021" HPOS="105" VPOS="846" WIDTH="866" HEIGHT="33">
						<String ID="P19_ST00187" HPOS="105" VPOS="847" WIDTH="149" HEIGHT="32" CONTENT="something" SUBS_TYPE="HypPart2" SUBS_CONTENT="knowsomething" WC="0.51" CC="700906559"/>
						<SP ID="P19_SP00162" HPOS="254" VPOS="879" WIDTH="19"/>
						<String ID="P19_ST00188" HPOS="273" VPOS="847" WIDTH="82" HEIGHT="24" CONTENT="about" WC="0.80" CC="06030"/>
						<SP ID="P19_SP00163" HPOS="355" VPOS="879" WIDTH="18"/>
						<String ID="P19_ST00189" HPOS="373" VPOS="847" WIDTH="45" HEIGHT="24" CONTENT="the" WC="0.77" CC="060"/>
						<SP ID="P19_SP00164" HPOS="418" VPOS="879" WIDTH="25"/>
						<String ID="P19_ST00190" HPOS="443" VPOS="855" WIDTH="161" HEIGHT="24" CONTENT="appearance" WC="0.71" CC="0890900000"/>
						<SP ID="P19_SP00165" HPOS="604" VPOS="879" WIDTH="24"/>
						<String ID="P19_ST00191" HPOS="628" VPOS="846" WIDTH="27" HEIGHT="24" CONTENT="of" WC="1.00" CC="00"/>
						<SP ID="P19_SP00166" HPOS="655" VPOS="879" WIDTH="25"/>
						<String ID="P19_ST00192" HPOS="680" VPOS="847" WIDTH="44" HEIGHT="23" CONTENT="the" WC="0.78" CC="060"/>
						<SP ID="P19_SP00167" HPOS="724" VPOS="879" WIDTH="25"/>
						<String ID="P19_ST00193" HPOS="749" VPOS="847" WIDTH="74" HEIGHT="24" CONTENT="Kent" WC="1.00" CC="0000"/>
						<SP ID="P19_SP00168" HPOS="823" VPOS="879" WIDTH="19"/>
						<String ID="P19_ST00194" HPOS="842" VPOS="850" WIDTH="27" HEIGHT="22" CONTENT="to" WC="0.64" CC="70"/>
						<SP ID="P19_SP00169" HPOS="869" VPOS="879" WIDTH="19"/>
						<String ID="P19_ST00195" HPOS="888" VPOS="848" WIDTH="83" HEIGHT="24" CONTENT="which" WC="0.72" CC="07006"/>
					</TextLine>
					<TextLine ID="P19_TL00022" HPOS="104" VPOS="888" WIDTH="867" HEIGHT="31">
						<String ID="P19_ST00196" HPOS="104" VPOS="888" WIDTH="90" HEIGHT="24" CONTENT="Julius" WC="0.72" CC="000366"/>
						<SP ID="P19_SP00170" HPOS="194" VPOS="912" WIDTH="18"/>
						<String ID="P19_ST00197" HPOS="212" VPOS="888" WIDTH="86" HEIGHT="24" CONTENT="Cæsar" WC="0.57" CC="34309"/>
						<SP ID="P19_SP00171" HPOS="298" VPOS="912" WIDTH="17"/>
						<String ID="P19_ST00198" HPOS="315" VPOS="896" WIDTH="78" HEIGHT="21" CONTENT="came," WC="0.73" CC="09003"/>
						<SP ID="P19_SP00172" HPOS="393" VPOS="917" WIDTH="12"/>
						<String ID="P19_ST00199" HPOS="405" VPOS="888" WIDTH="47" HEIGHT="29" CONTENT="for," WC="0.92" CC="0003"/>
						<SP ID="P19_SP00173" HPOS="452" VPOS="917" WIDTH="18"/>
						<String ID="P19_ST00200" HPOS="470" VPOS="888" WIDTH="26" HEIGHT="24" CONTENT="of" WC="0.66" CC="32"/>
						<SP ID="P19_SP00174" HPOS="496" VPOS="917" WIDTH="19"/>
						<String ID="P19_ST00201" HPOS="515" VPOS="895" WIDTH="95" HEIGHT="22" CONTENT="course," WC="0.82" CC="0220700"/>
						<SP ID="P19_SP00175" HPOS="610" VPOS="917" WIDTH="12"/>
						<String ID="P19_ST00202" HPOS="622" VPOS="888" WIDTH="22" HEIGHT="23" CONTENT="it" WC="0.52" CC="09"/>
						<SP ID="P19_SP00176" HPOS="644" VPOS="917" WIDTH="17"/>
						<String ID="P19_ST00203" HPOS="661" VPOS="895" WIDTH="52" HEIGHT="16" CONTENT="was" WC="0.79" CC="006"/>
						<SP ID="P19_SP00177" HPOS="713" VPOS="917" WIDTH="17"/>
						<String ID="P19_ST00204" HPOS="730" VPOS="888" WIDTH="110" HEIGHT="31" CONTENT="entirely" WC="0.87" CC="00014030"/>
						<SP ID="P19_SP00178" HPOS="840" VPOS="919" WIDTH="11"/>
						<String ID="P19_ST00205" HPOS="851" VPOS="888" WIDTH="120" HEIGHT="24" CONTENT="different" WC="0.80" CC="022004007"/>
					</TextLine>
					<TextLine ID="P19_TL00023" HPOS="104" VPOS="928" WIDTH="300" HEIGHT="23">
						<String ID="P19_ST00206" HPOS="104" VPOS="928" WIDTH="68" HEIGHT="23" CONTENT="from" WC="0.95" CC="2000"/>
						<SP ID="P19_SP00179" HPOS="172" VPOS="951" WIDTH="13"/>
						<String ID="P19_ST00207" HPOS="185" VPOS="928" WIDTH="71" HEIGHT="23" CONTENT="what" WC="0.70" CC="0605"/>
						<SP ID="P19_SP00180" HPOS="256" VPOS="951" WIDTH="14"/>
						<String ID="P19_ST00208" HPOS="270" VPOS="928" WIDTH="21" HEIGHT="23" CONTENT="it" WC="0.70" CC="05"/>
						<SP ID="P19_SP00181" HPOS="291" VPOS="951" WIDTH="14"/>
						<String ID="P19_ST00209" HPOS="305" VPOS="928" WIDTH="21" HEIGHT="23" CONTENT="is" WC="0.60" CC="24"/>
						<SP ID="P19_SP00182" HPOS="326" VPOS="951" WIDTH="13"/>
						<String ID="P19_ST00210" HPOS="339" VPOS="936" WIDTH="65" HEIGHT="15" CONTENT="now." WC="1.00" CC="0000"/>
					</TextLine>
				</TextBlock>
				<TextBlock ID="P19_TB00006" HPOS="100" VPOS="968" WIDTH="870" HEIGHT="600" STYLEREFS="TXT_1 PAR_LEFT">
					<TextLine ID="P19_TL00024" HPOS="140" VPOS="968" WIDTH="829" HEIGHT="32">
						<String ID="P19_ST00211" HPOS="140" VPOS="969" WIDTH="133" HEIGHT="24" CONTENT="Scientific" WC="0.78" CC="9010010440"/>
						<SP ID="P19_SP00183" HPOS="273" VPOS="993" WIDTH="21"/>
						<String ID="P19_ST00212" HPOS="294" VPOS="977" WIDTH="60" HEIGHT="16" CONTENT="men" WC="0.67" CC="009"/>
						<SP ID="P19_SP00184" HPOS="354" VPOS="993" WIDTH="21"/>
						<String ID="P19_ST00213" HPOS="375" VPOS="969" WIDTH="47" HEIGHT="24" CONTENT="tell" WC="0.96" CC="0001"/>
						<SP ID="P19_SP00185" HPOS="422" VPOS="993" WIDTH="20"/>
						<String ID="P19_ST00214" HPOS="442" VPOS="977" WIDTH="30" HEIGHT="15" CONTENT="us" WC="0.76" CC="40"/>
						<SP ID="P19_SP00186" HPOS="472" VPOS="993" WIDTH="22"/>
						<String ID="P19_ST00215" HPOS="494" VPOS="968" WIDTH="59" HEIGHT="24" CONTENT="that" WC="0.54" CC="5605"/>
						<SP ID="P19_SP00187" HPOS="553" VPOS="993" WIDTH="21"/>
						<String ID="P19_ST00216" HPOS="574" VPOS="970" WIDTH="47" HEIGHT="21" CONTENT="not" WC="1.00" CC="000"/>
						<SP ID="P19_SP00188" HPOS="621" VPOS="993" WIDTH="16"/>
						<String ID="P19_ST00217" HPOS="637" VPOS="976" WIDTH="16" HEIGHT="15" CONTENT="a" WC="1.00" CC="0"/>
						<SP ID="P19_SP00189" HPOS="653" VPOS="993" WIDTH="18"/>
						<String ID="P19_ST00218" HPOS="671" VPOS="976" WIDTH="63" HEIGHT="24" CONTENT="very" WC="0.85" CC="1040"/>
						<SP ID="P19_SP00190" HPOS="734" VPOS="1000" WIDTH="20"/>
						<String ID="P19_ST00219" HPOS="754" VPOS="968" WIDTH="61" HEIGHT="32" CONTENT="long" WC="0.82" CC="3040"/>
						<SP ID="P19_SP00191" HPOS="815" VPOS="1000" WIDTH="19"/>
						<String ID="P19_ST00220" HPOS="834" VPOS="969" WIDTH="63" HEIGHT="23" CONTENT="time" WC="0.83" CC="4020"/>
						<SP ID="P19_SP00192" HPOS="897" VPOS="1000" WIDTH="18"/>
						<String ID="P19_ST00221" HPOS="915" VPOS="977" WIDTH="54" HEIGHT="23" CONTENT="ago," WC="0.97" CC="0001"/>
					</TextLine>
					<TextLine ID="P19_TL00025" HPOS="104" VPOS="1008" WIDTH="866" HEIGHT="33">
						<String ID="P19_ST00222" HPOS="104" VPOS="1009" WIDTH="137" HEIGHT="32" CONTENT="compared" WC="0.49" CC="07998500"/>
						<SP ID="P19_SP00193" HPOS="241" VPOS="1041" WIDTH="15"/>
						<String ID="P19_ST00223" HPOS="256" VPOS="1010" WIDTH="65" HEIGHT="23" CONTENT="with" WC="0.96" CC="0010"/>
						<SP ID="P19_SP00194" HPOS="321" VPOS="1041" WIDTH="13"/>
						<String ID="P19_ST00224" HPOS="334" VPOS="1009" WIDTH="45" HEIGHT="24" CONTENT="the" WC="0.68" CC="350"/>
						<SP ID="P19_SP00195" HPOS="379" VPOS="1041" WIDTH="13"/>
						<String ID="P19_ST00225" HPOS="392" VPOS="1017" WIDTH="47" HEIGHT="23" CONTENT="age" WC="1.00" CC="000"/>
						<SP ID="P19_SP00196" HPOS="439" VPOS="1041" WIDTH="13"/>
						<String ID="P19_ST00226" HPOS="452" VPOS="1009" WIDTH="26" HEIGHT="24" CONTENT="of" WC="0.55" CC="08"/>
						<SP ID="P19_SP00197" HPOS="478" VPOS="1041" WIDTH="21"/>
						<String ID="P19_ST00227" HPOS="499" VPOS="1017" WIDTH="47" HEIGHT="15" CONTENT="our" WC="0.55" CC="525"/>
						<SP ID="P19_SP00198" HPOS="546" VPOS="1041" WIDTH="19"/>
						<String ID="P19_ST00228" HPOS="565" VPOS="1008" WIDTH="83" HEIGHT="30" CONTENT="earth," WC="0.66" CC="093123"/>
						<SP ID="P19_SP00199" HPOS="648" VPOS="1041" WIDTH="15"/>
						<String ID="P19_ST00229" HPOS="663" VPOS="1008" WIDTH="122" HEIGHT="32" CONTENT="England" WC="0.77" CC="4600040"/>
						<SP ID="P19_SP00200" HPOS="785" VPOS="1041" WIDTH="18"/>
						<String ID="P19_ST00230" HPOS="803" VPOS="1008" WIDTH="52" HEIGHT="24" CONTENT="and" WC="0.69" CC="009"/>
						<SP ID="P19_SP00201" HPOS="855" VPOS="1041" WIDTH="14"/>
						<String ID="P19_ST00231" HPOS="869" VPOS="1008" WIDTH="101" HEIGHT="32" CONTENT="Europe" WC="0.82" CC="340200"/>
					</TextLine>
					<TextLine ID="P19_TL00026" HPOS="104" VPOS="1048" WIDTH="866" HEIGHT="34">
						<String ID="P19_ST00232" HPOS="104" VPOS="1058" WIDTH="67" HEIGHT="15" CONTENT="were" WC="0.97" CC="0001"/>
						<SP ID="P19_SP00202" HPOS="171" VPOS="1073" WIDTH="13"/>
						<String ID="P19_ST00233" HPOS="184" VPOS="1050" WIDTH="89" HEIGHT="32" CONTENT="joined" WC="0.59" CC="421770"/>
						<SP ID="P19_SP00203" HPOS="273" VPOS="1082" WIDTH="11"/>
						<String ID="P19_ST00234" HPOS="284" VPOS="1050" WIDTH="119" HEIGHT="31" CONTENT="together" WC="0.91" CC="00000600"/>
						<SP ID="P19_SP00204" HPOS="403" VPOS="1082" WIDTH="14"/>
						<String ID="P19_ST00235" HPOS="417" VPOS="1050" WIDTH="34" HEIGHT="32" CONTENT="by" WC="0.66" CC="60"/>
						<SP ID="P19_SP00205" HPOS="451" VPOS="1082" WIDTH="13"/>
						<String ID="P19_ST00236" HPOS="464" VPOS="1049" WIDTH="68" HEIGHT="24" CONTENT="land." WC="0.57" CC="40880"/>
						<SP ID="P19_SP00206" HPOS="532" VPOS="1082" WIDTH="33"/>
						<String ID="P19_ST00237" HPOS="565" VPOS="1049" WIDTH="34" HEIGHT="23" CONTENT="In" WC="0.44" CC="19"/>
						<SP ID="P19_SP00207" HPOS="599" VPOS="1082" WIDTH="13"/>
						<String ID="P19_ST00238" HPOS="612" VPOS="1048" WIDTH="104" HEIGHT="24" CONTENT="Cæsar's" WC="0.64" CC="2049510"/>
						<SP ID="P19_SP00208" HPOS="716" VPOS="1082" WIDTH="13"/>
						<String ID="P19_ST00239" HPOS="729" VPOS="1050" WIDTH="63" HEIGHT="22" CONTENT="time" WC="0.87" CC="1030"/>
						<SP ID="P19_SP00209" HPOS="792" VPOS="1082" WIDTH="13"/>
						<String ID="P19_ST00240" HPOS="805" VPOS="1049" WIDTH="44" HEIGHT="23" CONTENT="the" WC="0.76" CC="070"/>
						<SP ID="P19_SP00210" HPOS="849" VPOS="1082" WIDTH="14"/>
						<String ID="P19_ST00241" HPOS="863" VPOS="1050" WIDTH="107" HEIGHT="31" CONTENT="English" WC="0.42" CC="5990077"/>
					</TextLine>
					<TextLine ID="P19_TL00027" HPOS="105" VPOS="1088" WIDTH="865" HEIGHT="34">
						<String ID="P19_ST00242" HPOS="105" VPOS="1090" WIDTH="118" HEIGHT="24" CONTENT="Channel" WC="0.58" CC="3908600"/>
						<SP ID="P19_SP00211" HPOS="223" VPOS="1114" WIDTH="13"/>
						<String ID="P19_ST00243" HPOS="236" VPOS="1094" WIDTH="28" HEIGHT="20" CONTENT="at" WC="0.82" CC="03"/>
						<SP ID="P19_SP00212" HPOS="264" VPOS="1114" WIDTH="14"/>
						<String ID="P19_ST00244" HPOS="278" VPOS="1091" WIDTH="34" HEIGHT="23" CONTENT="its" WC="0.64" CC="037"/>
						<SP ID="P19_SP00213" HPOS="312" VPOS="1114" WIDTH="13"/>
						<String ID="P19_ST00245" HPOS="325" VPOS="1093" WIDTH="143" HEIGHT="21" CONTENT="narrowest" WC="0.75" CC="006109040"/>
						<SP ID="P19_SP00214" HPOS="468" VPOS="1114" WIDTH="13"/>
						<String ID="P19_ST00246" HPOS="481" VPOS="1090" WIDTH="74" HEIGHT="32" CONTENT="point" WC="0.85" CC="00303"/>
						<SP ID="P19_SP00215" HPOS="555" VPOS="1122" WIDTH="14"/>
						<String ID="P19_ST00247" HPOS="569" VPOS="1097" WIDTH="52" HEIGHT="15" CONTENT="was" WC="0.78" CC="060"/>
						<SP ID="P19_SP00216" HPOS="621" VPOS="1122" WIDTH="12"/>
						<String ID="P19_ST00248" HPOS="633" VPOS="1088" WIDTH="77" HEIGHT="24" CONTENT="much" WC="0.77" CC="0026"/>
						<SP ID="P19_SP00217" HPOS="710" VPOS="1122" WIDTH="14"/>
						<String ID="P19_ST00249" HPOS="724" VPOS="1089" WIDTH="135" HEIGHT="24" CONTENT="shallower" WC="0.91" CC="400000003"/>
						<SP ID="P19_SP00218" HPOS="859" VPOS="1122" WIDTH="12"/>
						<String ID="P19_ST00250" HPOS="871" VPOS="1089" WIDTH="65" HEIGHT="24" CONTENT="than" WC="0.50" CC="0567"/>
						<SP ID="P19_SP00219" HPOS="936" VPOS="1122" WIDTH="13"/>
						<String ID="P19_ST00251" HPOS="949" VPOS="1091" WIDTH="21" HEIGHT="22" CONTENT="it" WC="0.50" CC="09"/>
					</TextLine>
					<TextLine ID="P19_TL00028" HPOS="102" VPOS="1129" WIDTH="868" HEIGHT="32">
						<String ID="P19_ST00252" HPOS="102" VPOS="1131" WIDTH="22" HEIGHT="23" CONTENT="is" WC="0.77" CC="04"/>
						<SP ID="P19_SP00220" HPOS="124" VPOS="1154" WIDTH="14"/>
						<String ID="P19_ST00253" HPOS="138" VPOS="1138" WIDTH="64" HEIGHT="22" CONTENT="now," WC="0.92" CC="0300"/>
						<SP ID="P19_SP00221" HPOS="202" VPOS="1160" WIDTH="16"/>
						<String ID="P19_ST00254" HPOS="218" VPOS="1130" WIDTH="53" HEIGHT="25" CONTENT="and" WC="0.75" CC="700"/>
						<SP ID="P19_SP00222" HPOS="271" VPOS="1160" WIDTH="13"/>
						<String ID="P19_ST00255" HPOS="284" VPOS="1139" WIDTH="65" HEIGHT="16" CONTENT="even" WC="0.96" CC="0000"/>
						<SP ID="P19_SP00223" HPOS="349" VPOS="1160" WIDTH="10"/>
						<String ID="P19_ST00256" HPOS="359" VPOS="1131" WIDTH="28" HEIGHT="23" CONTENT="in" WC="1.00" CC="00"/>
						<SP ID="P19_SP00224" HPOS="387" VPOS="1160" WIDTH="13"/>
						<String ID="P19_ST00257" HPOS="400" VPOS="1131" WIDTH="44" HEIGHT="23" CONTENT="the" WC="0.80" CC="060"/>
						<SP ID="P19_SP00225" HPOS="444" VPOS="1160" WIDTH="11"/>
						<String ID="P19_ST00258" HPOS="455" VPOS="1129" WIDTH="133" HEIGHT="25" CONTENT="sixteenth" WC="0.78" CC="606030003"/>
						<SP ID="P19_SP00226" HPOS="588" VPOS="1160" WIDTH="10"/>
						<String ID="P19_ST00259" HPOS="598" VPOS="1132" WIDTH="109" HEIGHT="29" CONTENT="century" WC="0.72" CC="0084600"/>
						<SP ID="P19_SP00227" HPOS="707" VPOS="1161" WIDTH="13"/>
						<String ID="P19_ST00260" HPOS="720" VPOS="1129" WIDTH="44" HEIGHT="24" CONTENT="the" WC="0.76" CC="070"/>
						<SP ID="P19_SP00228" HPOS="764" VPOS="1161" WIDTH="11"/>
						<String ID="P19_ST00261" HPOS="775" VPOS="1129" WIDTH="115" HEIGHT="24" CONTENT="Kentish" WC="0.69" CC="0005347"/>
						<SP ID="P19_SP00229" HPOS="890" VPOS="1161" WIDTH="10"/>
						<String ID="P19_ST00262" HPOS="900" VPOS="1133" WIDTH="70" HEIGHT="21" CONTENT="coast" WC="1.00" CC="00000"/>
					</TextLine>
					<TextLine ID="P19_TL00029" HPOS="103" VPOS="1169" WIDTH="867" HEIGHT="34">
						<String ID="P19_ST00263" HPOS="103" VPOS="1171" WIDTH="90" HEIGHT="32" CONTENT="people" WC="0.62" CC="853050"/>
						<SP ID="P19_SP00230" HPOS="193" VPOS="1203" WIDTH="14"/>
						<String ID="P19_ST00264" HPOS="207" VPOS="1171" WIDTH="62" HEIGHT="24" CONTENT="used" WC="0.71" CC="3330"/>
						<SP ID="P19_SP00231" HPOS="269" VPOS="1203" WIDTH="15"/>
						<String ID="P19_ST00265" HPOS="284" VPOS="1174" WIDTH="26" HEIGHT="20" CONTENT="to" WC="0.83" CC="30"/>
						<SP ID="P19_SP00232" HPOS="310" VPOS="1203" WIDTH="13"/>
						<String ID="P19_ST00266" HPOS="323" VPOS="1171" WIDTH="79" HEIGHT="32" CONTENT="speak" WC="0.73" CC="39000"/>
						<SP ID="P19_SP00233" HPOS="402" VPOS="1203" WIDTH="14"/>
						<String ID="P19_ST00267" HPOS="416" VPOS="1171" WIDTH="27" HEIGHT="23" CONTENT="of" WC="0.96" CC="00"/>
						<SP ID="P19_SP00234" HPOS="443" VPOS="1203" WIDTH="12"/>
						<String ID="P19_ST00268" HPOS="455" VPOS="1180" WIDTH="14" HEIGHT="14" CONTENT="a" WC="0.01" CC="9"/>
						<SP ID="P19_SP00235" HPOS="469" VPOS="1203" WIDTH="14"/>
						<String ID="P19_ST00269" HPOS="483" VPOS="1171" WIDTH="72" HEIGHT="31" CONTENT="ridge" WC="0.71" CC="30280"/>
						<SP ID="P19_SP00236" HPOS="555" VPOS="1203" WIDTH="12"/>
						<String ID="P19_ST00270" HPOS="567" VPOS="1170" WIDTH="27" HEIGHT="23" CONTENT="of" WC="1.00" CC="00"/>
						<SP ID="P19_SP00237" HPOS="594" VPOS="1203" WIDTH="18"/>
						<String ID="P19_ST00271" HPOS="612" VPOS="1169" WIDTH="59" HEIGHT="24" CONTENT="land" WC="0.88" CC="4000"/>
						<SP ID="P19_SP00238" HPOS="671" VPOS="1203" WIDTH="16"/>
						<String ID="P19_ST00272" HPOS="687" VPOS="1170" WIDTH="116" HEIGHT="23" CONTENT="between" WC="0.81" CC="0009030"/>
						<SP ID="P19_SP00239" HPOS="803" VPOS="1203" WIDTH="14"/>
						<String ID="P19_ST00273" HPOS="817" VPOS="1171" WIDTH="153" HEIGHT="24" CONTENT="Folkestone" WC="0.83" CC="6000050030"/>
					</TextLine>
					<TextLine ID="P19_TL00030" HPOS="103" VPOS="1210" WIDTH="867" HEIGHT="33">
						<String ID="P19_ST00274" HPOS="103" VPOS="1212" WIDTH="52" HEIGHT="24" CONTENT="and" WC="0.73" CC="080"/>
						<SP ID="P19_SP00240" HPOS="155" VPOS="1236" WIDTH="14"/>
						<String ID="P19_ST00275" HPOS="169" VPOS="1212" WIDTH="141" HEIGHT="31" CONTENT="Boulogne," WC="0.86" CC="005400020"/>
						<SP ID="P19_SP00241" HPOS="310" VPOS="1243" WIDTH="12"/>
						<String ID="P19_ST00276" HPOS="322" VPOS="1211" WIDTH="82" HEIGHT="24" CONTENT="called" WC="0.75" CC="090400"/>
						<SP ID="P19_SP00242" HPOS="404" VPOS="1243" WIDTH="17"/>
						<String ID="P19_ST00277" HPOS="421" VPOS="1211" WIDTH="45" HEIGHT="24" CONTENT="the" WC="0.67" CC="270"/>
						<SP ID="P19_SP00243" HPOS="466" VPOS="1243" WIDTH="15"/>
						<String ID="P19_ST00278" HPOS="481" VPOS="1213" WIDTH="14" HEIGHT="12" CONTENT='"' WC="1.00" CC="0"/>
						<SP ID="P19_SP00244" HPOS="495" VPOS="1243" WIDTH="11"/>
						<String ID="P19_ST00279" HPOS="506" VPOS="1210" WIDTH="137" HEIGHT="33" CONTENT='Ripraffs,"' WC="0.64" CC="7095800500"/>
						<SP ID="P19_SP00245" HPOS="643" VPOS="1243" WIDTH="14"/>
						<String ID="P19_ST00280" HPOS="657" VPOS="1210" WIDTH="85" HEIGHT="24" CONTENT="which" WC="0.74" CC="06006"/>
						<SP ID="P19_SP00246" HPOS="742" VPOS="1243" WIDTH="13"/>
						<String ID="P19_ST00281" HPOS="755" VPOS="1213" WIDTH="27" HEIGHT="21" CONTENT="at" WC="0.51" CC="90"/>
						<SP ID="P19_SP00247" HPOS="782" VPOS="1243" WIDTH="10"/>
						<String ID="P19_ST00282" HPOS="792" VPOS="1220" WIDTH="15" HEIGHT="14" CONTENT="a" WC="1.00" CC="0"/>
						<SP ID="P19_SP00248" HPOS="807" VPOS="1243" WIDTH="13"/>
						<String ID="P19_ST00283" HPOS="820" VPOS="1211" WIDTH="49" HEIGHT="23" CONTENT="low" WC="0.63" CC="460"/>
						<SP ID="P19_SP00249" HPOS="869" VPOS="1243" WIDTH="13"/>
						<String ID="P19_ST00284" HPOS="882" VPOS="1212" WIDTH="88" HEIGHT="31" CONTENT="spring" WC="0.86" CC="000070"/>
					</TextLine>
					<TextLine ID="P19_TL00031" HPOS="102" VPOS="1250" WIDTH="868" HEIGHT="34">
						<String ID="P19_ST00285" HPOS="102" VPOS="1253" WIDTH="56" HEIGHT="23" CONTENT="tide" WC="0.60" CC="1273"/>
						<SP ID="P19_SP00250" HPOS="158" VPOS="1276" WIDTH="14"/>
						<String ID="P19_ST00286" HPOS="172" VPOS="1261" WIDTH="51" HEIGHT="15" CONTENT="was" WC="0.67" CC="090"/>
						<SP ID="P19_SP00251" HPOS="223" VPOS="1276" WIDTH="20"/>
						<String ID="P19_ST00287" HPOS="243" VPOS="1253" WIDTH="62" HEIGHT="31" CONTENT="only" WC="1.00" CC="0000"/>
						<SP ID="P19_SP00252" HPOS="305" VPOS="1284" WIDTH="18"/>
						<String ID="P19_ST00288" HPOS="323" VPOS="1251" WIDTH="110" HEIGHT="25" CONTENT="covered" WC="0.90" CC="0010500"/>
						<SP ID="P19_SP00253" HPOS="433" VPOS="1284" WIDTH="18"/>
						<String ID="P19_ST00289" HPOS="451" VPOS="1251" WIDTH="35" HEIGHT="32" CONTENT="by" WC="0.71" CC="50"/>
						<SP ID="P19_SP00254" HPOS="486" VPOS="1284" WIDTH="19"/>
						<String ID="P19_ST00290" HPOS="505" VPOS="1251" WIDTH="120" HEIGHT="24" CONTENT="fourteen" WC="0.75" CC="04240008"/>
						<SP ID="P19_SP00255" HPOS="625" VPOS="1284" WIDTH="17"/>
						<String ID="P19_ST00291" HPOS="642" VPOS="1250" WIDTH="53" HEIGHT="25" CONTENT="feet" WC="1.00" CC="0000"/>
						<SP ID="P19_SP00256" HPOS="695" VPOS="1284" WIDTH="17"/>
						<String ID="P19_ST00292" HPOS="712" VPOS="1251" WIDTH="27" HEIGHT="23" CONTENT="of" WC="0.74" CC="50"/>
						<SP ID="P19_SP00257" HPOS="739" VPOS="1284" WIDTH="19"/>
						<String ID="P19_ST00293" HPOS="758" VPOS="1254" WIDTH="80" HEIGHT="21" CONTENT="water" WC="0.79" CC="00406"/>
						<SP ID="P19_SP00258" HPOS="838" VPOS="1284" WIDTH="10"/>
						<String ID="P19_ST00294" HPOS="848" VPOS="1260" WIDTH="7" HEIGHT="22" CONTENT=";" WC="0.32" CC="6"/>
						<SP ID="P19_SP00259" HPOS="855" VPOS="1284" WIDTH="19"/>
						<String ID="P19_ST00295" HPOS="874" VPOS="1252" WIDTH="51" HEIGHT="24" CONTENT="and" WC="1.00" CC="000"/>
						<SP ID="P19_SP00260" HPOS="925" VPOS="1284" WIDTH="19"/>
						<String ID="P19_ST00296" HPOS="944" VPOS="1253" WIDTH="26" HEIGHT="23" CONTENT="of" WC="0.64" CC="07"/>
					</TextLine>
					<TextLine ID="P19_TL00032" HPOS="102" VPOS="1291" WIDTH="867" HEIGHT="29">
						<String ID="P19_ST00297" HPOS="102" VPOS="1293" WIDTH="112" HEIGHT="23" CONTENT="another" WC="0.85" CC="0004500"/>
						<SP ID="P19_SP00261" HPOS="214" VPOS="1316" WIDTH="13"/>
						<String ID="P19_ST00298" HPOS="227" VPOS="1292" WIDTH="118" HEIGHT="24" CONTENT="between" WC="0.79" CC="7050100"/>
						<SP ID="P19_SP00262" HPOS="345" VPOS="1316" WIDTH="19"/>
						<String ID="P19_ST00299" HPOS="364" VPOS="1293" WIDTH="88" HEIGHT="23" CONTENT="Dover" WC="0.49" CC="75506"/>
						<SP ID="P19_SP00263" HPOS="452" VPOS="1316" WIDTH="19"/>
						<String ID="P19_ST00300" HPOS="471" VPOS="1291" WIDTH="51" HEIGHT="24" CONTENT="and" WC="0.48" CC="905"/>
						<SP ID="P19_SP00264" HPOS="522" VPOS="1316" WIDTH="16"/>
						<String ID="P19_ST00301" HPOS="538" VPOS="1292" WIDTH="93" HEIGHT="28" CONTENT="Calais," WC="0.82" CC="6000103"/>
						<SP ID="P19_SP00265" HPOS="631" VPOS="1320" WIDTH="20"/>
						<String ID="P19_ST00302" HPOS="651" VPOS="1291" WIDTH="85" HEIGHT="24" CONTENT="wdiich" WC="0.55" CC="908105"/>
						<SP ID="P19_SP00266" HPOS="736" VPOS="1320" WIDTH="18"/>
						<String ID="P19_ST00303" HPOS="754" VPOS="1300" WIDTH="52" HEIGHT="15" CONTENT="was" WC="0.88" CC="003"/>
						<SP ID="P19_SP00267" HPOS="806" VPOS="1320" WIDTH="19"/>
						<String ID="P19_ST00304" HPOS="825" VPOS="1292" WIDTH="81" HEIGHT="23" CONTENT="called" WC="0.69" CC="090009"/>
						<SP ID="P19_SP00268" HPOS="906" VPOS="1320" WIDTH="19"/>
						<String ID="P19_ST00305" HPOS="925" VPOS="1293" WIDTH="44" HEIGHT="23" CONTENT="the" WC="1.00" CC="000"/>
					</TextLine>
					<TextLine ID="P19_TL00033" HPOS="103" VPOS="1330" WIDTH="866" HEIGHT="27">
						<String ID="P19_ST00306" HPOS="103" VPOS="1337" WIDTH="15" HEIGHT="10" CONTENT='"' WC="0.72" CC="2"/>
						<SP ID="P19_SP00269" HPOS="118" VPOS="1347" WIDTH="14"/>
						<String ID="P19_ST00307" HPOS="132" VPOS="1332" WIDTH="95" HEIGHT="25" CONTENT='Vane"' WC="0.80" CC="90000"/>
						<String ID="P19_ST00308" HPOS="229" VPOS="1348" WIDTH="33" HEIGHT="3" CONTENT="—" WC="0.20" CC="8"/>
						<String ID="P19_ST00309" HPOS="264" VPOS="1341" WIDTH="59" HEIGHT="15" CONTENT="now" WC="1.00" CC="000"/>
						<SP ID="P19_SP00270" HPOS="323" VPOS="1357" WIDTH="12"/>
						<String ID="P19_ST00310" HPOS="335" VPOS="1332" WIDTH="108" HEIGHT="24" CONTENT="marked" WC="0.78" CC="904000"/>
						<SP ID="P19_SP00271" HPOS="443" VPOS="1357" WIDTH="13"/>
						<String ID="P19_ST00311" HPOS="456" VPOS="1341" WIDTH="28" HEIGHT="14" CONTENT="as" WC="0.78" CC="04"/>
						<SP ID="P19_SP00272" HPOS="484" VPOS="1357" WIDTH="14"/>
						<String ID="P19_ST00312" HPOS="498" VPOS="1331" WIDTH="45" HEIGHT="24" CONTENT="the" WC="0.52" CC="462"/>
						<SP ID="P19_SP00273" HPOS="543" VPOS="1357" WIDTH="20"/>
						<String ID="P19_ST00313" HPOS="563" VPOS="1330" WIDTH="80" HEIGHT="26" CONTENT="Varne" WC="0.60" CC="82080"/>
						<SP ID="P19_SP00274" HPOS="643" VPOS="1357" WIDTH="14"/>
						<String ID="P19_ST00314" HPOS="657" VPOS="1331" WIDTH="78" HEIGHT="24" CONTENT="shoal." WC="0.71" CC="670200"/>
						<SP ID="P19_SP00275" HPOS="735" VPOS="1357" WIDTH="38"/>
						<String ID="P19_ST00315" HPOS="773" VPOS="1331" WIDTH="53" HEIGHT="25" CONTENT="The" WC="0.91" CC="020"/>
						<SP ID="P19_SP00276" HPOS="826" VPOS="1357" WIDTH="14"/>
						<String ID="P19_ST00316" HPOS="840" VPOS="1332" WIDTH="90" HEIGHT="25" CONTENT="Island" WC="0.96" CC="020000"/>
						<SP ID="P19_SP00277" HPOS="930" VPOS="1357" WIDTH="13"/>
						<String ID="P19_ST00317" HPOS="943" VPOS="1333" WIDTH="26" HEIGHT="24" CONTENT="of" WC="1.00" CC="00"/>
					</TextLine>
					<TextLine ID="P19_TL00034" HPOS="101" VPOS="1372" WIDTH="866" HEIGHT="34">
						<String ID="P19_ST00318" HPOS="101" VPOS="1375" WIDTH="111" HEIGHT="28" CONTENT="Thanet," WC="0.76" CC="0605040"/>
						<SP ID="P19_SP00278" HPOS="212" VPOS="1403" WIDTH="15"/>
						<String ID="P19_ST00319" HPOS="227" VPOS="1373" WIDTH="58" HEIGHT="25" CONTENT="best" WC="0.83" CC="0032"/>
						<SP ID="P19_SP00279" HPOS="285" VPOS="1403" WIDTH="17"/>
						<String ID="P19_ST00320" HPOS="302" VPOS="1373" WIDTH="98" HEIGHT="24" CONTENT="known" WC="0.80" CC="00009"/>
						<SP ID="P19_SP00280" HPOS="400" VPOS="1403" WIDTH="17"/>
						<String ID="P19_ST00321" HPOS="417" VPOS="1376" WIDTH="28" HEIGHT="21" CONTENT="to" WC="1.00" CC="00"/>
						<SP ID="P19_SP00281" HPOS="445" VPOS="1403" WIDTH="19"/>
						<String ID="P19_ST00322" HPOS="464" VPOS="1381" WIDTH="51" HEIGHT="23" CONTENT="you" WC="0.89" CC="030"/>
						<SP ID="P19_SP00282" HPOS="515" VPOS="1404" WIDTH="21"/>
						<String ID="P19_ST00323" HPOS="536" VPOS="1372" WIDTH="110" HEIGHT="32" CONTENT="perhaps" WC="0.82" CC="0056000"/>
						<SP ID="P19_SP00283" HPOS="646" VPOS="1404" WIDTH="17"/>
						<String ID="P19_ST00324" HPOS="663" VPOS="1381" WIDTH="28" HEIGHT="15" CONTENT="as" WC="0.83" CC="03"/>
						<SP ID="P19_SP00284" HPOS="691" VPOS="1404" WIDTH="17"/>
						<String ID="P19_ST00325" HPOS="708" VPOS="1372" WIDTH="97" HEIGHT="32" CONTENT="having" WC="0.59" CC="606370"/>
						<SP ID="P19_SP00285" HPOS="805" VPOS="1404" WIDTH="13"/>
						<String ID="P19_ST00326" HPOS="818" VPOS="1373" WIDTH="149" HEIGHT="33" CONTENT="Ramsgate," WC="0.46" CC="790698302"/>
					</TextLine>
					<TextLine ID="P19_TL00035" HPOS="102" VPOS="1414" WIDTH="867" HEIGHT="33">
						<String ID="P19_ST00327" HPOS="102" VPOS="1415" WIDTH="129" HEIGHT="32" CONTENT="Margate," WC="0.66" CC="98300004"/>
						<SP ID="P19_SP00286" HPOS="231" VPOS="1447" WIDTH="21"/>
						<String ID="P19_ST00328" HPOS="252" VPOS="1414" WIDTH="53" HEIGHT="24" CONTENT="and" WC="0.91" CC="200"/>
						<SP ID="P19_SP00287" HPOS="305" VPOS="1447" WIDTH="23"/>
						<String ID="P19_ST00329" HPOS="328" VPOS="1414" WIDTH="166" HEIGHT="23" CONTENT="Broadstairs" WC="0.74" CC="65050430001"/>
						<SP ID="P19_SP00288" HPOS="494" VPOS="1447" WIDTH="19"/>
						<String ID="P19_ST00330" HPOS="513" VPOS="1421" WIDTH="69" HEIGHT="24" CONTENT="upon" WC="0.80" CC="5020"/>
						<SP ID="P19_SP00289" HPOS="582" VPOS="1447" WIDTH="19"/>
						<String ID="P19_ST00331" HPOS="601" VPOS="1414" WIDTH="29" HEIGHT="29" CONTENT="it," WC="0.92" CC="002"/>
						<SP ID="P19_SP00290" HPOS="630" VPOS="1447" WIDTH="21"/>
						<String ID="P19_ST00332" HPOS="651" VPOS="1421" WIDTH="51" HEIGHT="15" CONTENT="was" WC="0.42" CC="097"/>
						<SP ID="P19_SP00291" HPOS="702" VPOS="1447" WIDTH="19"/>
						<String ID="P19_ST00333" HPOS="721" VPOS="1414" WIDTH="80" HEIGHT="32" CONTENT="really" WC="0.89" CC="100040"/>
						<SP ID="P19_SP00292" HPOS="801" VPOS="1447" WIDTH="25"/>
						<String ID="P19_ST00334" HPOS="826" VPOS="1423" WIDTH="34" HEIGHT="15" CONTENT="an" WC="0.50" CC="90"/>
						<SP ID="P19_SP00293" HPOS="860" VPOS="1447" WIDTH="24"/>
						<String ID="P19_ST00335" HPOS="884" VPOS="1415" WIDTH="85" HEIGHT="24" CONTENT="island" WC="0.73" CC="006900"/>
					</TextLine>
					<TextLine ID="P19_TL00036" HPOS="102" VPOS="1453" WIDTH="867" HEIGHT="33">
						<String ID="P19_ST00336" HPOS="102" VPOS="1455" WIDTH="77" HEIGHT="25" CONTENT="when" WC="0.47" CC="8470"/>
						<SP ID="P19_SP00294" HPOS="179" VPOS="1480" WIDTH="18"/>
						<String ID="P19_ST00337" HPOS="197" VPOS="1454" WIDTH="87" HEIGHT="25" CONTENT="Cæsar" WC="0.64" CC="51505"/>
						<SP ID="P19_SP00295" HPOS="284" VPOS="1480" WIDTH="19"/>
						<String ID="P19_ST00338" HPOS="303" VPOS="1462" WIDTH="78" HEIGHT="21" CONTENT="came," WC="0.80" CC="09000"/>
						<SP ID="P19_SP00296" HPOS="381" VPOS="1483" WIDTH="14"/>
						<String ID="P19_ST00339" HPOS="395" VPOS="1453" WIDTH="53" HEIGHT="24" CONTENT="and" WC="0.77" CC="600"/>
						<SP ID="P19_SP00297" HPOS="448" VPOS="1483" WIDTH="19"/>
						<String ID="P19_ST00340" HPOS="467" VPOS="1453" WIDTH="45" HEIGHT="25" CONTENT="the" WC="0.71" CC="260"/>
						<SP ID="P19_SP00298" HPOS="512" VPOS="1483" WIDTH="17"/>
						<String ID="P19_ST00341" HPOS="529" VPOS="1458" WIDTH="106" HEIGHT="28" CONTENT="present" WC="0.78" CC="0047003"/>
						<SP ID="P19_SP00299" HPOS="635" VPOS="1486" WIDTH="16"/>
						<String ID="P19_ST00342" HPOS="651" VPOS="1462" WIDTH="102" HEIGHT="15" CONTENT="narrow" WC="0.78" CC="005430"/>
						<SP ID="P19_SP00300" HPOS="753" VPOS="1486" WIDTH="19"/>
						<String ID="P19_ST00343" HPOS="772" VPOS="1457" WIDTH="95" HEIGHT="21" CONTENT="stream" WC="0.69" CC="640070"/>
						<SP ID="P19_SP00301" HPOS="867" VPOS="1486" WIDTH="12"/>
						<String ID="P19_ST00344" HPOS="879" VPOS="1455" WIDTH="27" HEIGHT="24" CONTENT="of" WC="0.21" CC="59"/>
						<SP ID="P19_SP00302" HPOS="906" VPOS="1486" WIDTH="17"/>
						<String ID="P19_ST00345" HPOS="923" VPOS="1456" WIDTH="46" HEIGHT="24" CONTENT="the" WC="1.00" CC="000"/>
					</TextLine>
					<TextLine ID="P19_TL00037" HPOS="101" VPOS="1493" WIDTH="868" HEIGHT="33">
						<String ID="P19_ST00346" HPOS="101" VPOS="1496" WIDTH="143" HEIGHT="23" CONTENT="Wantsum" WC="0.86" CC="0070100"/>
						<SP ID="P19_SP00303" HPOS="244" VPOS="1519" WIDTH="22"/>
						<String ID="P19_ST00347" HPOS="266" VPOS="1504" WIDTH="51" HEIGHT="15" CONTENT="was" WC="0.77" CC="006"/>
						<SP ID="P19_SP00304" HPOS="317" VPOS="1519" WIDTH="20"/>
						<String ID="P19_ST00348" HPOS="337" VPOS="1495" WIDTH="151" HEIGHT="24" CONTENT="half-a-mile" WC="0.82" CC="07200800000"/>
						<SP ID="P19_SP00305" HPOS="488" VPOS="1519" WIDTH="17"/>
						<String ID="P19_ST00349" HPOS="505" VPOS="1493" WIDTH="88" HEIGHT="25" CONTENT="broad." WC="0.73" CC="500900"/>
						<SP ID="P19_SP00306" HPOS="593" VPOS="1519" WIDTH="39"/>
						<String ID="P19_ST00350" HPOS="632" VPOS="1493" WIDTH="191" HEIGHT="33" CONTENT="Richborough," WC="0.64" CC="700705006970"/>
						<SP ID="P19_SP00307" HPOS="823" VPOS="1526" WIDTH="22"/>
						<String ID="P19_ST00351" HPOS="845" VPOS="1495" WIDTH="84" HEIGHT="24" CONTENT="which" WC="0.78" CC="00306"/>
						<SP ID="P19_SP00308" HPOS="929" VPOS="1526" WIDTH="18"/>
						<String ID="P19_ST00352" HPOS="947" VPOS="1497" WIDTH="22" HEIGHT="22" CONTENT="is" WC="0.56" CC="16"/>
					</TextLine>
					<TextLine ID="P19_TL00038" HPOS="102" VPOS="1535" WIDTH="865" HEIGHT="33">
						<String ID="P19_ST00353" HPOS="102" VPOS="1546" WIDTH="58" HEIGHT="15" CONTENT="now" WC="0.61" CC="730"/>
						<SP ID="P19_SP00309" HPOS="160" VPOS="1561" WIDTH="21"/>
						<String ID="P19_ST00354" HPOS="181" VPOS="1546" WIDTH="15" HEIGHT="14" CONTENT="a" WC="1.00" CC="0"/>
						<SP ID="P19_SP00310" HPOS="196" VPOS="1561" WIDTH="21"/>
						<String ID="P19_ST00355" HPOS="217" VPOS="1537" WIDTH="61" HEIGHT="31" CONTENT="long" WC="0.42" CC="5349"/>
						<SP ID="P19_SP00311" HPOS="278" VPOS="1568" WIDTH="19"/>
						<String ID="P19_ST00356" HPOS="297" VPOS="1545" WIDTH="59" HEIGHT="23" CONTENT="way" WC="0.69" CC="900"/>
						<SP ID="P19_SP00312" HPOS="356" VPOS="1568" WIDTH="11"/>
						<String ID="P19_ST00357" HPOS="367" VPOS="1536" WIDTH="67" HEIGHT="24" CONTENT="from" WC="0.95" CC="0020"/>
						<SP ID="P19_SP00313" HPOS="434" VPOS="1568" WIDTH="17"/>
						<String ID="P19_ST00358" HPOS="451" VPOS="1536" WIDTH="45" HEIGHT="23" CONTENT="the" WC="0.84" CC="040"/>
						<SP ID="P19_SP00314" HPOS="496" VPOS="1568" WIDTH="22"/>
						<String ID="P19_ST00359" HPOS="518" VPOS="1543" WIDTH="49" HEIGHT="21" CONTENT="sea," WC="0.98" CC="0000"/>
						<SP ID="P19_SP00315" HPOS="567" VPOS="1568" WIDTH="15"/>
						<String ID="P19_ST00360" HPOS="582" VPOS="1543" WIDTH="52" HEIGHT="15" CONTENT="was" WC="0.36" CC="990"/>
						<SP ID="P19_SP00316" HPOS="634" VPOS="1568" WIDTH="17"/>
						<String ID="P19_ST00361" HPOS="651" VPOS="1543" WIDTH="15" HEIGHT="15" CONTENT="a" WC="0.79" CC="2"/>
						<SP ID="P19_SP00317" HPOS="666" VPOS="1568" WIDTH="16"/>
						<String ID="P19_ST00362" HPOS="682" VPOS="1535" WIDTH="71" HEIGHT="32" CONTENT="place" WC="0.68" CC="92400"/>
						<SP ID="P19_SP00318" HPOS="753" VPOS="1568" WIDTH="17"/>
						<String ID="P19_ST00363" HPOS="770" VPOS="1536" WIDTH="27" HEIGHT="23" CONTENT="of" WC="0.48" CC="09"/>
						<SP ID="P19_SP00319" HPOS="797" VPOS="1568" WIDTH="11"/>
						<String ID="P19_ST00364" HPOS="808" VPOS="1536" WIDTH="95" HEIGHT="23" CONTENT="arrival" WC="0.86" CC="0200600"/>
						<SP ID="P19_SP00320" HPOS="903" VPOS="1568" WIDTH="13"/>
						<String ID="P19_ST00365" HPOS="916" VPOS="1537" WIDTH="51" HEIGHT="24" CONTENT="and" WC="0.72" CC="080"/>
					</TextLine>
				</TextBlock>
				<TextBlock ID="P19_TB00007" HPOS="825" VPOS="1582" WIDTH="39" HEIGHT="18" STYLEREFS="TXT_1 PAR_RIGHT">
					<TextLine ID="P19_TL00039" HPOS="825" VPOS="1582" WIDTH="39" HEIGHT="18">
						<String ID="P19_ST00366" HPOS="825" VPOS="1586" WIDTH="14" HEIGHT="14" CONTENT="b" WC="0.52" CC="4"/>
						<SP ID="P19_SP00321" HPOS="839" VPOS="1600" WIDTH="14"/>
						<String ID="P19_ST00367" HPOS="853" VPOS="1582" WIDTH="11" HEIGHT="18" CONTENT="2" WC="0.76" CC="2"/>
					</TextLine>
				</TextBlock>
			</PrintSpace>
		</Page>
	</Layout>
</alto>
